pid,finishing,shotpower,curve,longshots,volleys,freekickaccuracy,penalties,headingaccuracy,positioning,sprintspeed,acceleration,agility,reactions,jumping,stamina,strength,balance,shortpassing,longpassing,crossing,ballcontrol,dribbling,tacticalawareness,vision,standingtackle,slidingtackle,marking,aggression,gkdiving,gkhandling,gkkicking,gkreflexes,gkpositioning,poten,perfcon,perfcon_vn,perfcon_cn,perfcon_id,perfcon_kr,perfcon_th,fullname,shortname,badged,season,league,overallrating,positions,skillmoves,nation,club,birthday,height,weight,leftfoot,rightfoot,attack,defence,speciality,speciality_vn,speciality_cn,speciality_kr,hidden_score,hidden_score_vn,hidden_score_cn,hidden_score_kr
"7000027",63,62,69,68,70,65,54,41,65,68,70,76,69,56,67,57,68,70,57,69,75,80,34,65,40,34,47,57,6,6,4,5,6,"74","Good","Cao","高","Good","상","ดี","Joe Cole","J. Cole","badged y2007","2007","barclays-premier-league","70","rw-70,lw-70,cam-69,rm-69",4,"England","Chelsea","8.11.1981(34)","175","70","4","5","3","1","Acrobatic,Technician","Nghệ sĩ,Vũ công","杂耍高手,控球大师","아크로바틱,테크니션","Impressive Skill","Tinh tế","花式大师","화려한 개인기"
"7000041",59,61,63,66,62,64,63,54,72,70,74,68,72,55,67,61,70,75,75,64,72,74,57,75,63,60,54,60,6,6,6,10,9,"76","Good","Cao","高","Good","상","ดี","Iniesta","Iniesta","badged y2007","2007","liga-bbva","71","cm-71,cdm-66,cam-71",4,"Spain","FC Barcelona","11.5.1984(32)","169","64","4","5","3","2","Maestro,Technician","Bậc thầy,Vũ công","节奏大师,控球大师","마에스트로,테크니션","Sharp curling shot,Play maker (AI),Pass master","Sút xoáy,Kiến tạo (AI),Chuyên gia chuyền bóng","a搓射高手,组织型球员 (AI),传球大师","예리한 감아차기,플레이 메이커 (AI),패스 마스터"
"7000330",74,68,57,64,76,44,74,52,71,68,70,70,74,54,64,57,71,63,40,58,72,72,31,68,21,13,23,50,11,11,5,8,11,"71","Good","Cao","高","Good","상","ดี","Robbie Keane","R. Keane","badged y2007","2007","barclays-premier-league","68","st-68,cf-69",3,"Ireland Republic","Tottenham Hotspur","8.7.1980(36)","175","70","3","5","3","1","","","","","","","",""
"7001179",8,20,6,7,6,7,20,6,11,37,52,61,75,58,47,68,46,19,18,7,18,7,25,53,6,7,6,68,76,77,67,76,84,"80","Excellent","Rất cao","超高","Excellent","최상","ดดีมาก","Gianluigi Buffon","G. Buffon","badged y2007","2007","serie-a","77","gk-77",1,"Italy","Juventus","28.1.1978(38)","191","82","3","5","2","2","","","","","","","",""
"7001219",6,32,6,9,6,7,19,10,66,45,57,46,72,73,47,71,66,29,30,7,20,7,20,48,6,7,7,60,68,68,66,70,68,"73","Good","Cao","高","Good","상","ดี","Christian Abbiati","C. Abbiati","badged y2007","2007","liga-bbva","68","gk-68",1,"Italy","Atletico Madrid","8.7.1977(39)","191","92","3","5","2","2","","","","","","","",""
"7001238",76,77,66,78,74,74,71,57,78,63,73,76,78,48,58,59,74,80,74,75,78,77,31,80,18,15,10,64,7,10,7,9,6,"78","Good","Cao","高","Good","상","ดี","Francesco Totti","F. Totti","badged y2007","2007","serie-a","76","cf-76,cam-77,cm-71,rf-76",4,"Italy","Roma","27.9.1976(40)","180","80","4","5","2","2","Perfect Midfielder,Goal Getter,Acrobatic,Freekick Specialist,Cannon Shooter,Maestro,Technician","Nhạc trưởng,Xạ thủ,Nghệ sĩ,Chuyên gia đá phạt,Đại pháo,Bậc thầy,Vũ công","完美的中场大师,进球机器,杂耍高手,任意球大师,远射高手,节奏大师,控球大师","완벽한 미드필더,골게터,아크로바틱,프리킥 스페셜리스트,캐논 슈터,마에스트로,테크니션","Diver,Prefer individual play (AI),Impressive Skill,Prefer long shot (AI),Play maker (AI),Pass master","Ăn vạ,Cá nhân (AI),Tinh tế,Sút xa (AI),Kiến tạo (AI),Chuyên gia chuyền bóng","假摔,独狼 (AI),花式大师,重炮手 (AI),组织型球员 (AI),传球大师","다이버,개인 플레이 선호 (AI),화려한 개인기,중거리 슛 선호 (AI),플레이 메이커 (AI),패스 마스터"
"7001625",82,73,74,73,69,75,73,55,75,80,80,78,78,45,70,66,75,73,57,64,77,78,20,75,14,11,13,34,11,6,6,11,8,"77","Excellent","Rất cao","超高","Excellent","최상","ดดีมาก","Thierry Henry","T. Henry","badged y2007","2007","liga-bbva","74","st-74,cf-76,lf-76",4,"France","FC Barcelona","17.8.1977(39)","188","83","4","5","2","2","Perfect Striker,Goal Getter,Acrobatic,Freekick Specialist,Technician,Fast runner","Cây săn bàn,Xạ thủ,Nghệ sĩ,Chuyên gia đá phạt,Vũ công,Tia chớp","完美的进球机器,进球机器,杂耍高手,任意球大师,控球大师,飞翼","완벽한 공격수,골게터,아크로바틱,프리킥 스페셜리스트,테크니션,날쌘돌이","Sharp curling shot","Sút xoáy","a搓射高手","예리한 감아차기"
"7001803",69,62,59,63,61,61,67,53,72,74,74,78,71,43,55,40,62,67,53,62,74,74,23,62,15,8,18,36,7,6,6,6,6,"74","Good","Cao","高","Good","상","ดี","Javier Saviola","J. Saviola","badged y2007","2007","liga-bbva","69","rf-69,cf-69,lf-69,st-66",3,"Argentina","Real Madrid","11.12.1981(34)","168","60","4","5","2","1","Acrobatic","Nghệ sĩ","杂耍高手","아크로바틱","Impressive Skill","Tinh tế","花式大师","화려한 개인기"
"7002155",74,71,58,61,57,57,40,66,66,69,66,74,71,68,65,70,71,64,41,53,73,73,30,73,23,18,16,58,4,6,5,5,6,"74","Excellent","Rất cao","超高","Excellent","최상","ดดีมาก","Johan Elmander","J. Elmander","badged y2007","2007","ligue-1","69","cf-69,st-69,cam-68,rm-66",3,"Sweden","Toulouse FC","27.5.1981(35)","188","85","4","5","2","3","Acrobatic,Technician,Solver","Nghệ sĩ,Vũ công,Sát thủ","杂耍高手,控球大师,终结者","아크로바틱,테크니션,해결사","Short tempered,Impressive Skill","Tranh cãi trọng tài,Tinh tế","与裁判争论,花式大师","다혈질,화려한 개인기"
"7002196",10,11,7,10,10,6,9,6,22,54,45,47,74,59,43,68,66,11,11,11,13,9,12,62,9,11,7,65,71,69,62,73,68,"74","Good","Cao","高","Good","상","ดี","Roman Weidenfeller","R. Weidenfeller","badged y2007","2007","bundesliga","70","gk-70",1,"Germany","Borussia Dortmund","6.8.1980(36)","188","85","5","3","2","2","","","","","","","",""
"7002264",75,68,62,59,68,50,68,57,74,76,72,68,63,57,66,66,66,67,59,63,71,68,26,74,34,34,22,62,6,6,6,7,9,"72","Good","Cao","高","Good","상","ดี","Tamudo","Tamudo","badged y2007","2007","liga-bbva","68","st-68,cf-69",3,"Spain","RCD Espanyol","19.10.1977(38)","180","71","3","5","2","2","","","","","","","",""
"7002651",9,11,16,9,16,11,12,16,43,44,45,45,57,64,57,53,58,14,10,9,9,10,23,61,9,17,9,64,72,70,64,72,68,"71","Excellent","Rất cao","超高","Excellent","최상","ดดีมาก","Shay Given","S. Given","badged y2007","2007","barclays-premier-league","68","gk-68",1,"Ireland Republic","Newcastle United","20.4.1976(40)","185","84","3","5","2","2","","","","","","","",""
"7003622",31,44,34,32,44,29,31,72,76,62,57,51,72,74,73,70,67,61,52,40,57,35,71,59,76,77,77,68,6,4,6,5,5,"74","Good","Cao","高","Good","상","ดี","Ricardo Carvalho","R. Carvalho","badged y2007","2007","barclays-premier-league","72","cb-72,sw-72",2,"Portugal","Chelsea","18.5.1978(38)","181","79","3","5","2","2","Wall of Wail","Bức tường thép","抢断高手","통곡의 벽","Prefer long pass (AI)","Chuyền dài (AI)","善于长传 (AI)","긴 패스 선호 (AI)"
"7004098",53,71,68,64,57,61,65,70,74,73,72,69,68,69,77,61,68,72,69,62,73,61,67,71,68,69,59,69,5,6,6,6,6,"75","Average","TB","中","Normal","보통","ดปานกลาง","Tiago","Tiago","badged y2007","2007","serie-a","69","cm-69,cdm-68,cam-68,rm-68",4,"Portugal","Juventus","2.5.1981(35)","183","75","3","5","2","2","","","","","","","",""
"7005471",76,77,74,82,73,75,74,51,74,62,64,67,75,59,73,61,68,74,76,68,72,64,57,74,51,48,50,59,6,5,5,5,7,"74","Excellent","Rất cao","超高","Excellent","최상","ดดีมาก","Frank Lampard","F. Lampard","badged y2007","2007","barclays-premier-league","72","cam-72,cm-71,rm-70,lm-70",3,"England","Chelsea","20.6.1978(38)","183","88","4","5","2","2","Perfect Midfielder,Goal Getter,Freekick Specialist,Cannon Shooter,Maestro","Nhạc trưởng,Xạ thủ,Chuyên gia đá phạt,Đại pháo,Bậc thầy","完美的中场大师,进球机器,任意球大师,远射高手,节奏大师","완벽한 미드필더,골게터,프리킥 스페셜리스트,캐논 슈터,마에스트로","Steel Body,Prefer long pass (AI),Prefer long shot (AI)","Cứng cỏi,Chuyền dài (AI),Sút xa (AI)","不易受伤,善于长传 (AI),重炮手 (AI)","강철몸,긴 패스 선호 (AI),중거리 슛 선호 (AI)"
"7005479",8,22,9,11,10,9,20,10,10,56,57,74,72,68,44,67,63,17,18,11,22,10,13,52,9,7,9,19,77,72,61,80,75,"78","Excellent","Rất cao","超高","Excellent","최상","ดดีมาก","Casillas","Casillas","badged y2007","2007","liga-bbva","74","gk-74",1,"Spain","Real Madrid","20.5.1981(35)","182","79","5","2","2","2","Acrobatic","Nghệ sĩ","杂耍高手","아크로바틱","GK Long Throw,GK Proficient 1:1 Defense","Thủ môn ném xa,TM Đối mặt","GK 大力手抛球,GK1对1","GK 멀리 던지기,GK 능숙한 1:1 수비"
"7007289",33,50,43,24,43,23,45,75,71,68,66,51,69,74,68,74,69,60,55,38,66,51,76,60,77,75,75,71,6,11,6,10,7,"75","Excellent","Rất cao","超高","Excellent","최상","ดดีมาก","Rio Ferdinand","R. Ferdinand","badged y2007","2007","barclays-premier-league","73","cb-73,cdm-68,sw-73",2,"England","Manchester United","7.11.1978(37)","189","82","3","5","2","2","Vacuum Cleaner,Wall of Wail","Máy quét,Bức tường thép","清道夫,抢断高手","진공 청소기,통곡의 벽","Steel Body,Strong Header","Cứng cỏi,Đánh đầu mạnh","不易受伤,强力头球","강철몸,강력한 헤딩"
"7007743",66,62,60,59,57,60,59,55,66,73,80,74,74,60,75,53,63,70,60,47,68,70,39,68,31,18,37,54,11,9,7,11,10,"70","Average","TB","中","Normal","보통","ดปานกลาง","Landon Donovan","L. Donovan","badged y2007","2007","major-league-soccer","68","cf-68,cam-68,st-65,rw-67",3,"United States","LA Galaxy","4.3.1982(34)","173","71","4","5","2","2","Acrobatic","Nghệ sĩ","杂耍高手","아크로바틱","","","",""
"7007763",38,71,75,69,72,80,73,53,76,67,65,71,65,52,75,54,64,80,75,74,78,77,54,82,67,51,53,67,6,7,8,11,7,"77","Good","Cao","高","Good","상","ดี","Andrea Pirlo","A. Pirlo","badged y2007","2007","serie-a","74","cm-74,cdm-67,cam-73",3,"Italy","Milan","19.5.1979(37)","177","68","3","5","1","2","Perfect Midfielder,Freekick Specialist,Delivery cross,Maestro,Technician","Nhạc trưởng,Chuyên gia đá phạt,Tạt bóng,Bậc thầy,Vũ công","完美的中场大师,任意球大师,传中高手,节奏大师,控球大师","완벽한 미드필더,프리킥 스페셜리스트,택배 크로스,마에스트로,테크니션","Play maker (AI)","Kiến tạo (AI)","组织型球员 (AI)","플레이 메이커 (AI)"
"7007826",71,77,80,74,77,78,75,51,68,69,71,74,72,57,62,58,66,68,55,73,73,73,28,69,18,17,19,49,5,6,8,6,7,"74","Good","Cao","高","Good","상","ดี","Robin van Persie","R. van Persie","badged y2007","2007","barclays-premier-league","70","cf-70,st-68,lw-71",4,"Holland","Arsenal","6.8.1983(33)","180","70","5","3","2","1","Acrobatic,Freekick Specialist,Delivery cross,Cannon Shooter,Technician","Nghệ sĩ,Chuyên gia đá phạt,Tạt bóng,Đại pháo,Vũ công","杂耍高手,任意球大师,传中高手,远射高手,控球大师","아크로바틱,프리킥 스페셜리스트,택배 크로스,캐논 슈터,테크니션","Diver,Glass Body,Prefer main feet,Sharp curling shot,Impressive Skill","Ăn vạ,Dễ chấn thương,Tránh sai chân thuận,Sút xoáy,Tinh tế","假摔,玻璃人,善用惯用脚,a搓射高手,花式大师","다이버,유리몸,주발 선호,예리한 감아차기,화려한 개인기"
"7008473",62,70,74,76,77,70,72,45,70,66,68,71,65,55,66,44,69,77,69,71,78,75,39,80,41,36,34,55,5,6,6,6,6,"74","Good","Cao","高","Good","상","ดี","Tomas Rosicky","T. Rosicky","badged y2007","2007","barclays-premier-league","73","cam-73,cm-70,rm-71",3,"Czech Republic","Arsenal","4.10.1980(36)","175","67","4","5","3","3","Maestro,Technician","Bậc thầy,Vũ công","节奏大师,控球大师","마에스트로,테크니션","Prefer long shot (AI),Pass master","Sút xa (AI),Chuyên gia chuyền bóng","重炮手 (AI),传球大师","중거리 슛 선호 (AI),패스 마스터"
"7008517",60,60,63,61,58,47,63,65,72,64,65,66,72,60,80,66,64,74,63,57,70,59,52,68,72,69,67,76,7,6,11,7,7,"70","Good","Cao","高","Good","상","ดี","Scott Parker","S. Parker","badged y2007","2007","barclays-premier-league","68","cm-68,cdm-68,rm-66,cam-67",2,"England","West Ham United","13.10.1980(35)","175","70","3","5","2","3","","","","","","","",""
"7009014",64,55,71,65,73,66,56,32,62,74,75,80,66,34,62,44,74,68,60,72,75,80,31,69,20,21,16,28,6,4,7,6,7,"73","Good","Cao","高","Good","상","ดี","Arjen Robben","A. Robben","badged y2007","2007","liga-bbva","71","lw-71,rw-71,lm-70,lf-68",4,"Holland","Real Madrid","23.1.1984(32)","180","76","5","4","3","1","Acrobatic,Technician","Nghệ sĩ,Vũ công","杂耍高手,控球大师","아크로바틱,테크니션","Diver,Prefer individual play (AI)","Ăn vạ,Cá nhân (AI)","假摔,独狼 (AI)","다이버,개인 플레이 선호 (AI)"
"7009676",80,76,74,66,72,68,57,67,74,80,82,75,75,68,67,65,72,74,58,58,72,71,35,75,27,21,10,63,7,6,6,6,7,"76","Good","Cao","高","Good","상","ดี","Samuel Eto'o","S. Eto'o","badged y2007","2007","liga-bbva","74","st-74,cf-74,rf-74",4,"Cameroon","FC Barcelona","10.3.1981(35)","180","74","3","5","2","2","Acrobatic,Fast runner,Solver","Nghệ sĩ,Tia chớp,Sát thủ","杂耍高手,飞翼,终结者","아크로바틱,날쌘돌이,해결사","Leadership,Impressive Skill","Lãnh đạo,Tinh tế","领导力,花式大师","리더쉽,화려한 개인기"
"7010535",61,62,68,72,64,73,69,59,73,67,70,70,75,57,69,61,72,78,77,69,73,69,62,77,68,63,51,56,11,6,6,5,6,"74","Excellent","Rất cao","超高","Excellent","최상","ดดีมาก","Xavi","Xavi","badged y2007","2007","liga-bbva","73","cm-73,cdm-68,cam-72,lm-71",3,"Spain","FC Barcelona","25.1.1980(36)","170","69","3","5","2","2","Maestro","Bậc thầy","节奏大师","마에스트로","Steel Body,Impressive Skill,Play maker (AI)","Cứng cỏi,Tinh tế,Kiến tạo (AI)","不易受伤,花式大师,组织型球员 (AI)","강철몸,화려한 개인기,플레이 메이커 (AI)"
"7011141",76,74,58,60,74,43,39,80,69,71,77,52,74,76,75,67,74,59,23,54,67,68,35,61,22,20,13,74,7,6,6,6,6,"76","Excellent","Rất cao","超高","Excellent","최상","ดดีมาก","Miroslav Klose","M. Klose","badged y2007","2007","bundesliga","71","st-71,cf-68,lf-68,rf-68",3,"Germany","Bayern Munchen","9.6.1978(38)","183","74","4","5","2","1","Dominator of the air,Solver","Chuyên gia không chiến,Sát thủ","高空制空权,终结者","공중의 지배자,해결사","Diver,Strong Header","Ăn vạ,Đánh đầu mạnh","假摔,强力头球","다이버,강력한 헤딩"
"7013690",78,66,67,62,68,57,72,65,72,77,80,71,74,60,71,57,68,61,32,58,68,67,41,67,19,16,28,43,4,10,6,11,6,"72","Excellent","Rất cao","超高","Excellent","최상","ดดีมาก","Andrew Johnson","A. Johnson","badged y2007","2007","barclays-premier-league","70","st-70,cf-69,rf-69",3,"England","Everton","10.2.1981(35)","170","70","3","5","2","2","Fast runner,Solver","Tia chớp,Sát thủ","飞翼,终结者","날쌘돌이,해결사","Diver,Prefer individual play (AI)","Ăn vạ,Cá nhân (AI)","假摔,独狼 (AI)","다이버,개인 플레이 선호 (AI)"
"7013732",30,49,37,28,35,24,42,80,77,60,58,50,72,75,74,80,71,55,51,34,55,34,73,59,80,75,78,80,6,6,6,2,6,"77","Excellent","Rất cao","超高","Excellent","최상","ดดีมาก","John Terry","J. Terry","badged y2007","2007","barclays-premier-league","74","cb-74,sw-75",2,"England","Chelsea","7.12.1980(35)","183","90","3","5","2","3","Perfect Defender,Tanker,Vacuum Cleaner,Wall of Wail,Dominator of the air","Tảng đá,Chiến binh,Máy quét,Bức tường thép,Chuyên gia không chiến","完美防守大将,重量级球员,清道夫,抢断高手,高空制空权","완벽한 수비수,탱커,진공 청소기,통곡의 벽,공중의 지배자","Leadership,Strong Header","Lãnh đạo,Đánh đầu mạnh","领导力,强力头球","리더쉽,강력한 헤딩"
"7013743",72,80,72,82,67,73,65,65,74,72,68,67,68,66,82,71,73,77,80,80,74,67,57,78,72,69,57,72,4,6,6,8,5,"76","Excellent","Rất cao","超高","Excellent","최상","ดดีมาก","Steven Gerrard","S. Gerrard","badged y2007","2007","barclays-premier-league","74","cm-74,rm-73,cdm-70,lm-73",3,"England","Liverpool","30.5.1980(36)","183","83","4","5","2","2","Perfect Midfielder,Freekick Specialist,Delivery cross,Cannon Shooter,Maestro,Solver","Nhạc trưởng,Chuyên gia đá phạt,Tạt bóng,Đại pháo,Bậc thầy,Sát thủ","完美的中场大师,任意球大师,传中高手,远射高手,节奏大师,终结者","완벽한 미드필더,프리킥 스페셜리스트,택배 크로스,캐논 슈터,마에스트로,해결사","Leadership,Prefer early cross (AI),Prefer long pass (AI),Prefer long shot (AI)","Lãnh đạo,Tạt bóng sớm (AI),Chuyền dài (AI),Sút xa (AI)","领导力,斜传好手 (AI),善于长传 (AI),重炮手 (AI)","리더쉽,斜传好手 (AI),긴 패스 선호 (AI),중거리 슛 선호 (AI)"
"7013914",15,21,15,16,16,16,22,15,39,46,45,35,66,59,34,60,53,19,20,16,17,14,20,59,15,16,8,45,72,68,71,71,65,"72","Good","Cao","高","Good","상","ดี","Paul Robinson","P. Robinson","badged y2007","2007","barclays-premier-league","68","gk-68",1,"England","Tottenham Hotspur","15.10.1979(36)","193","90","3","5","2","2","","","","","","","",""
"7014916",74,74,67,63,65,71,67,73,73,59,61,64,70,70,67,66,73,63,27,52,73,55,35,67,31,47,28,62,10,10,6,9,10,"70","Good","Cao","高","Good","상","ดี","Juan Pablo Angel","J. Pablo Angel","badged y2007","2007","major-league-soccer","69","st-69,cf-67",3,"Colombia","NY Red Bulls","24.10.1975(40)","184","78","4","5","2","2","Solver","Sát thủ","终结者","해결사","Diver","Ăn vạ","假摔","다이버"
"7015723",74,72,56,68,65,54,68,74,69,66,69,65,70,74,76,75,70,66,57,60,68,63,54,63,27,24,28,69,9,5,5,6,6,"72","Good","Cao","高","Good","상","ดี","Dirk Kuyt","D. Kuyt","badged y2007","2007","barclays-premier-league","70","st-70,cf-67,rf-67",3,"Holland","Liverpool","22.7.1980(36)","184","77","4","5","3","3","Goal Getter,Two hearts","Xạ thủ,Người không phổi","进球机器,跑不死","골게터,두개의 심장","Strong Header","Đánh đầu mạnh","强力头球","강력한 헤딩"
"7019896",62,49,62,62,70,59,62,65,72,57,62,68,71,58,53,38,67,74,72,66,73,69,22,77,13,11,11,29,4,7,11,4,4,"75","Good","Cao","高","Good","상","ดี","Valeron","Valeron","badged y2007","2007","liga-bbva","70","cam-70,cf-68",4,"Spain","RC Deportivo","17.6.1975(41)","180","72","4","5","2","1","","","","","","","",""
"7020775",59,69,76,68,68,67,65,56,69,74,69,76,62,63,68,57,71,71,68,73,74,73,18,74,37,18,30,66,6,6,11,10,5,"76","Average","TB","中","Normal","보통","ดปานกลาง","Quaresma","Quaresma","badged y2007","2007","liga-portuguesa","70","rw-70,rm-70,lw-70,rf-69",5,"Portugal","FC Porto","26.9.1983(33)","173","67","4","5","2","1","Acrobatic,Delivery cross,Technician","Nghệ sĩ,Tạt bóng,Vũ công","杂耍高手,传中高手,控球大师","아크로바틱,택배 크로스,테크니션","Diver,Short tempered,Impressive Skill,Pass master","Ăn vạ,Tranh cãi trọng tài,Tinh tế,Chuyên gia chuyền bóng","假摔,与裁判争论,花式大师,传球大师","다이버,다혈질,화려한 개인기,패스 마스터"
"7020801",72,76,76,63,74,74,77,71,62,80,82,82,73,74,77,71,80,68,62,74,82,86,20,73,23,23,23,51,7,8,5,4,6,"80","Good","Cao","高","Good","상","ดี","Cristiano Ronaldo","C. Ronaldo","badged y2007","2007","barclays-premier-league","75","rw-75,lw-75,rf-74,lf-74",5,"Portugal","Manchester United","5.2.1985(31)","185","83","4","5","3","1","Acrobatic,Freekick Specialist,Delivery cross,Technician,Fast runner","Nghệ sĩ,Chuyên gia đá phạt,Tạt bóng,Vũ công,Tia chớp","杂耍高手,任意球大师,传中高手,控球大师,飞翼","아크로바틱,프리킥 스페셜리스트,택배 크로스,테크니션,날쌘돌이","Diver,Prefer individual play (AI),Impressive Skill","Ăn vạ,Cá nhân (AI),Tinh tế","假摔,独狼 (AI),花式大师","다이버,개인 플레이 선호 (AI),화려한 개인기"
"7021146",57,67,62,69,62,66,66,59,74,65,62,66,72,61,73,64,68,77,75,68,70,57,75,74,68,63,66,58,7,8,11,11,9,"73","Good","Cao","高","Good","상","ดี","Michael Carrick","M. Carrick","badged y2007","2007","barclays-premier-league","71","cm-71,cdm-70,cam-69",2,"England","Manchester United","28.7.1981(35)","183","74","4","5","1","2","Vacuum Cleaner,Maestro","Máy quét,Bậc thầy","清道夫,节奏大师","진공 청소기,마에스트로","Play maker (AI),Pass master","Kiến tạo (AI),Chuyên gia chuyền bóng","组织型球员 (AI),传球大师","플레이 메이커 (AI),패스 마스터"
"7023015",80,78,61,62,77,62,74,80,80,58,62,50,80,72,65,75,73,65,26,57,68,69,24,61,20,14,14,61,7,6,4,6,5,"75","Good","Cao","高","Good","상","ดี","Luca Toni","L. Toni","badged y2007","2007","bundesliga","74","st-74",3,"Italy","Bayern Munchen","26.5.1977(39)","192","89","4","5","2","1","Perfect Striker,Tanker,Dominator of the air,Solver","Cây săn bàn,Chiến binh,Chuyên gia không chiến,Sát thủ","完美的进球机器,重量级球员,高空制空权,终结者","완벽한 공격수,탱커,공중의 지배자,해결사","Insists preferred position,Strong Header","Không linh hoạt,Đánh đầu mạnh","固定站位,强力头球","선호 포지션 고집,강력한 헤딩"
"7023461",18,71,37,53,27,41,53,66,72,67,69,67,68,73,75,74,71,68,62,44,63,32,76,70,74,70,75,74,5,6,10,9,11,"74","Excellent","Rất cao","超高","Excellent","최상","ดดีมาก","Walter Adrian Samuel","W. Adrian Samuel","badged y2007","2007","serie-a","71","cb-71,sw-71",2,"Argentina","Inter","23.3.1978(38)","183","83","5","3","1","2","Tanker,Vacuum Cleaner","Chiến binh,Máy quét","重量级球员,清道夫","탱커,진공 청소기","Strong Header","Đánh đầu mạnh","强力头球","강력한 헤딩"
"7024438",34,69,38,61,26,37,49,73,69,63,60,63,63,70,69,73,72,56,51,35,62,40,71,62,71,78,75,73,6,8,10,6,11,"75","Excellent","Rất cao","超高","Excellent","최상","ดดีมาก","Mario Yepes","M. Yepes","badged y2007","2007","ligue-1","71","cb-71,sw-71",2,"Colombia","Paris SG","13.1.1976(40)","186","83","3","5","1","2","Tanker","Chiến binh","重量级球员","탱커","Prefer sliding tackle (AI)","Xoạc bóng (AI)","铲断高手 (AI)","슬라이딩 태클 선호 (AI)"
"7024630",16,24,15,12,16,15,18,16,43,40,50,27,66,60,55,62,43,16,18,16,19,14,19,45,24,21,10,58,74,67,68,74,72,"73","Good","Cao","高","Good","상","ดี","Jose Reina","J. Reina","badged y2007","2007","barclays-premier-league","70","gk-70",1,"Spain","Liverpool","31.8.1982(34)","187","85","3","5","2","2","","","","","","","",""
"7026709",26,57,43,43,51,63,65,74,73,60,65,61,71,70,68,74,67,62,68,51,63,54,64,70,73,74,73,64,6,6,5,4,5,"74","Good","Cao","高","Good","상","ดี","Rafael Marquez","R. Marquez","badged y2007","2007","liga-bbva","70","cb-70,cdm-67,sw-70",2,"Mexico","FC Barcelona","13.2.1979(37)","182","73","3","5","2","2","Wall of Wail","Bức tường thép","抢断高手","통곡의 벽","Prefer long pass (AI),Strong Header","Chuyền dài (AI),Đánh đầu mạnh","善于长传 (AI),强力头球","긴 패스 선호 (AI),강력한 헤딩"
"7028130",76,71,78,80,77,80,74,56,74,77,75,84,77,59,68,64,71,76,72,70,86,86,27,80,23,16,10,56,10,8,10,8,9,"80","Good","Cao","高","Good","상","ดี","Ronaldinho","Ronaldinho","badged y2007","2007","liga-bbva","79","cam-79,lf-78,lw-78,cf-78",5,"Brazil","FC Barcelona","21.3.1980(36)","181","81","4","5","2","2","Goal Getter,Acrobatic,Freekick Specialist,Cannon Shooter,Technician","Xạ thủ,Nghệ sĩ,Chuyên gia đá phạt,Đại pháo,Vũ công","进球机器,杂耍高手,任意球大师,远射高手,控球大师","골게터,아크로바틱,프리킥 스페셜리스트,캐논 슈터,테크니션","Sharp curling shot,Impressive Skill,Play maker (AI),Pass master","Sút xoáy,Tinh tế,Kiến tạo (AI),Chuyên gia chuyền bóng","a搓射高手,花式大师,组织型球员 (AI),传球大师","예리한 감아차기,화려한 개인기,플레이 메이커 (AI),패스 마스터"
"7030110",78,72,62,65,76,68,69,76,72,66,67,67,74,68,61,72,71,68,51,61,74,67,26,72,20,15,10,62,6,6,6,6,10,"74","Good","Cao","高","Good","상","ดี","Dimitar Berbatov","D. Berbatov","badged y2007","2007","barclays-premier-league","72","st-72,cf-71",4,"Bulgaria","Tottenham Hotspur","30.1.1981(35)","188","79","3","5","1","1","Solver","Sát thủ","终结者","해결사","Sharp curling shot,Impressive Skill","Sút xoáy,Tinh tế","a搓射高手,花式大师","예리한 감아차기,화려한 개인기"
"7031432",80,77,63,68,75,74,66,80,71,69,71,68,74,80,68,84,74,62,40,54,70,65,39,66,23,16,33,78,6,6,6,6,5,"76","Excellent","Rất cao","超高","Excellent","최상","ดดีมาก","Didier Drogba","D. Drogba","badged y2007","2007","barclays-premier-league","73","st-73,cf-70",3,"Ivory Coast","Chelsea","11.3.1978(38)","188","84","3","5","2","2","Perfect Striker,Goal Getter,Tanker,Freekick Specialist,Dominator of the air,Solver","Cây săn bàn,Xạ thủ,Chiến binh,Chuyên gia đá phạt,Chuyên gia không chiến,Sát thủ","完美的进球机器,进球机器,重量级球员,任意球大师,高空制空权,终结者","완벽한 공격수,골게터,탱커,프리킥 스페셜리스트,공중의 지배자,해결사","Diver,Sharp curling shot,Strong Header","Ăn vạ,Sút xoáy,Đánh đầu mạnh","假摔,a搓射高手,强力头球","다이버,예리한 감아차기,강력한 헤딩"
"7031831",65,69,64,69,71,63,77,62,67,65,69,74,66,65,71,75,71,74,69,67,71,67,57,73,62,65,57,68,8,4,7,5,6,"74","Good","Cao","高","Good","상","ดี","Kim Kallstrom","K. Kallstrom","badged y2007","2007","ligue-1","69","cam-69,cm-69,lm-68,cdm-66",3,"Sweden","Olympique Lyon","24.8.1982(34)","181","83","5","4","3","2","Tanker,Maestro","Chiến binh,Bậc thầy","重量级球员,节奏大师","탱커,마에스트로","Short tempered","Tranh cãi trọng tài","与裁判争论","다혈질"
"7034079",38,36,57,31,35,31,55,58,70,74,73,69,68,51,73,64,66,62,53,69,67,65,69,62,67,74,67,58,6,6,7,6,7,"71","Good","Cao","高","Good","상","ดี","Ashley Cole","A. Cole","badged y2007","2007","barclays-premier-league","69","lb-69,lwb-69",3,"England","Chelsea","20.12.1980(35)","173","67","5","3","3","2","","","","","","","",""
"7041236",74,74,58,70,66,73,71,77,61,73,66,60,68,70,57,77,74,60,30,48,75,75,17,69,17,15,12,68,10,5,8,5,6,"77","Excellent","Rất cao","超高","Excellent","최상","ดดีมาก","Zlatan Ibrahimovic","Z. Ibrahimovic","badged y2007","2007","serie-a","71","st-71,cf-69",5,"Sweden","Inter","3.10.1981(35)","192","84","3","5","2","1","Perfect Striker,Goal Getter,Tanker,Freekick Specialist,Technician,Dominator of the air,Solver","Cây săn bàn,Xạ thủ,Chiến binh,Chuyên gia đá phạt,Vũ công,Chuyên gia không chiến,Sát thủ","完美的进球机器,进球机器,重量级球员,任意球大师,控球大师,高空制空权,终结者","완벽한 공격수,골게터,탱커,프리킥 스페셜리스트,테크니션,공중의 지배자,해결사","Prefer individual play (AI)","Cá nhân (AI)","独狼 (AI)","개인 플레이 선호 (AI)"
"7041635",23,59,57,29,17,46,58,72,69,65,72,66,64,66,64,68,72,60,57,58,61,40,70,69,74,68,72,63,11,6,10,11,9,"69","Excellent","Rất cao","超高","Excellent","최상","ดดีมาก","Philippe Mexes","P. Mexes","badged y2007","2007","serie-a","68","cb-68,rb-66,sw-68",2,"France","Roma","30.3.1982(34)","187","82","4","5","2","3","","","","","","","",""
"7045119",45,72,74,68,69,73,68,51,72,67,66,71,65,66,75,58,62,74,73,73,72,67,67,75,51,42,59,57,10,5,6,11,8,"70","Good","Cao","高","Good","상","ดี","Mikel Arteta","M. Arteta","badged y2007","2007","barclays-premier-league","70","cm-70,cam-69,rm-69,lm-69",3,"Spain","Everton","26.3.1982(34)","175","70","3","5","2","2","Perfect Midfielder,Freekick Specialist,Delivery cross,Maestro","Nhạc trưởng,Chuyên gia đá phạt,Tạt bóng,Bậc thầy","完美的中场大师,任意球大师,传中高手,节奏大师","완벽한 미드필더,프리킥 스페셜리스트,택배 크로스,마에스트로","Diver,Impressive Skill,Play maker (AI)","Ăn vạ,Tinh tế,Kiến tạo (AI)","假摔,花式大师,组织型球员 (AI)","다이버,화려한 개인기,플레이 메이커 (AI)"
"7045186",55,62,76,62,64,60,62,42,64,80,75,69,64,52,67,55,60,66,66,77,74,77,32,65,34,30,49,44,11,6,11,6,5,"77","Good","Cao","高","Good","상","ดี","Joaquin","Joaquin","badged y2007","2007","liga-bbva","69","rw-69,rm-70,cam-68",4,"Spain","Valencia CF","21.7.1981(35)","179","75","3","5","3","2","Delivery cross,Fast runner","Tạt bóng,Tia chớp","传中高手,飞翼","택배 크로스,날쌘돌이","Impressive Skill,Pass master","Tinh tế,Chuyên gia chuyền bóng","花式大师,传球大师","화려한 개인기,패스 마스터"
"7045197",57,70,68,78,62,71,58,59,74,64,65,68,68,61,72,65,66,75,80,64,75,58,74,80,61,58,70,48,10,7,4,8,6,"74","Excellent","Rất cao","超高","Excellent","최상","ดดีมาก","Xabi Alonso","X. Alonso","badged y2007","2007","barclays-premier-league","73","cm-73,cdm-70,rm-68",2,"Spain","Liverpool","25.11.1981(34)","183","75","4","5","1","2","Vacuum Cleaner,Cannon Shooter,Maestro","Máy quét,Đại pháo,Bậc thầy","清道夫,远射高手,节奏大师","진공 청소기,캐논 슈터,마에스트로","Prefer long pass (AI),Prefer long shot (AI),Play maker (AI),Pass master","Chuyền dài (AI),Sút xa (AI),Kiến tạo (AI),Chuyên gia chuyền bóng","善于长传 (AI),重炮手 (AI),组织型球员 (AI),传球大师","긴 패스 선호 (AI),중거리 슛 선호 (AI),플레이 메이커 (AI),패스 마스터"
"7045574",63,64,74,74,72,74,59,57,62,71,68,68,75,63,63,56,68,78,74,73,75,72,40,74,28,18,11,44,5,6,5,10,5,"76","Good","Cao","高","Good","상","ดี","Rafael van der Vaart","R. van der Vaart","badged y2007","2007","bundesliga","72","cam-72,cm-69,cf-70,lm-71",4,"Holland","Hamburger SV","11.2.1983(33)","175","70","5","4","2","2","Perfect Midfielder,Freekick Specialist,Delivery cross,Maestro","Nhạc trưởng,Chuyên gia đá phạt,Tạt bóng,Bậc thầy","完美的中场大师,任意球大师,传中高手,节奏大师","완벽한 미드필더,프리킥 스페셜리스트,택배 크로스,마에스트로","Impressive Skill,Prefer long shot (AI),Play maker (AI),Pass master","Tinh tế,Sút xa (AI),Kiến tạo (AI),Chuyên gia chuyền bóng","花式大师,重炮手 (AI),组织型球员 (AI),传球大师","화려한 개인기,중거리 슛 선호 (AI),플레이 메이커 (AI),패스 마스터"
"7045674",58,71,57,71,65,49,57,65,78,70,74,68,74,66,84,72,70,78,73,63,72,66,70,72,78,80,72,73,6,7,6,4,6,"75","Excellent","Rất cao","超高","Excellent","최상","ดดีมาก","Michael Essien","M. Essien","badged y2007","2007","barclays-premier-league","73","cm-73,cdm-74,cb-73,cam-71",3,"Ghana","Chelsea","3.12.1982(33)","177","77","4","5","2","3","Wall of Wail","Bức tường thép","抢断高手","통곡의 벽","Leadership,Prefer long shot (AI)","Lãnh đạo,Sút xa (AI)","领导力,重炮手 (AI)","리더쉽,중거리 슛 선호 (AI)"
"7046857",74,50,77,77,20,80,68,67,68,64,67,69,69,70,67,68,71,69,58,82,70,69,62,72,45,19,44,62,8,5,10,8,6,"71","Excellent","Rất cao","超高","Excellent","최상","ดดีมาก","Morten Gamst Pedersen","M. Gamst Pedersen","badged y2007","2007","football-league-championship","69","lm-69,lw-70,rm-69",4,"Norway","Blackburn Rovers","8.9.1981(35)","180","71","5","5","3","1","Goal Getter,Freekick Specialist,Delivery cross","Xạ thủ,Chuyên gia đá phạt,Tạt bóng","进球机器,任意球大师,传中高手","골게터,프리킥 스페셜리스트,택배 크로스","Sharp curling shot,Prefer long shot (AI)","Sút xoáy,Sút xa (AI)","a搓射高手,重炮手 (AI)","예리한 감아차기,중거리 슛 선호 (AI)"
"7048717",15,58,13,14,18,9,11,10,24,52,57,65,62,64,66,64,42,50,37,15,22,30,21,49,17,13,11,62,69,66,73,72,67,"68","Good","Cao","高","Good","상","ดี","Julio Cesar","J. Cesar","badged y2007","2007","serie-a","68","gk-68",1,"Brazil","Inter","3.9.1979(37)","186","79","3","5","2","2","","","","","","","",""
"7048940",15,17,15,9,14,16,10,16,42,45,45,45,70,66,40,62,52,21,19,9,20,16,21,51,23,26,15,57,77,76,71,78,74,"77","Excellent","Rất cao","超高","Excellent","최상","ดดีมาก","Petr Cech","P. Cech","badged y2007","2007","barclays-premier-league","75","gk-75",1,"Czech Republic","Chelsea","20.5.1982(34)","196","88","5","3","2","2","","","","","","","",""
"7049012",75,67,49,55,66,27,57,77,69,71,68,57,71,75,74,67,65,66,40,51,65,64,34,62,26,23,16,66,6,6,7,7,8,"74","Average","TB","中","Normal","보통","ดปานกลาง","Kevin Kuranyi","K. Kuranyi","badged y2007","2007","bundesliga","69","st-69,cf-67",2,"Germany","FC Schalke 04","2.3.1982(34)","190","80","3","5","3","3","Two hearts,Dominator of the air","Người không phổi,Chuyên gia không chiến","跑不死,高空制空权","두개의 심장,공중의 지배자","Strong Header","Đánh đầu mạnh","强力头球","강력한 헤딩"
"7049045",76,74,27,54,65,28,74,67,68,67,57,60,67,66,70,72,62,57,34,42,68,69,15,62,25,19,15,37,11,11,8,12,15,"70","Good","Cao","高","Good","상","ดี","Kris Boyd","K. Boyd","badged y2007","2007","","68","st-68,cf-66",3,"Scotland","Rest of the World","18.8.1983(33)","183","82","3","5","2","1","Solver","Sát thủ","终结者","해결사","","","",""
"7049072",78,74,57,66,64,63,68,67,69,69,71,69,72,68,65,59,60,65,57,61,65,62,19,66,15,15,18,57,7,6,6,6,6,"72","Good","Cao","高","Good","상","ดี","Diego Forlan","D. Forlan","badged y2007","2007","liga-bbva","69","st-69,cf-68,rf-68,lf-68",3,"Uruguay","Atletico Madrid","19.5.1979(37)","179","75","4","5","2","2","Solver","Sát thủ","终结者","해결사","Impressive Skill,Strong Header","Tinh tế,Đánh đầu mạnh","花式大师,强力头球","화려한 개인기,강력한 헤딩"
"7049369",74,73,70,63,74,57,68,66,75,76,77,74,75,68,66,64,63,66,52,58,74,74,30,69,20,16,17,53,8,9,11,11,8,"76","Good","Cao","高","Good","상","ดี","Fernando Torres","F. Torres","badged y2007","2007","barclays-premier-league","72","st-72,rf-72,cf-72",3,"Spain","Liverpool","20.3.1984(32)","183","70","4","5","2","2","Acrobatic,Technician,Solver","Nghệ sĩ,Vũ công,Sát thủ","杂耍高手,控球大师,终结者","아크로바틱,테크니션,해결사","","","",""
"7049617",58,65,19,23,34,43,52,71,68,75,77,68,67,66,69,68,66,60,62,60,66,56,66,66,71,69,70,67,6,6,8,7,9,"71","Excellent","Rất cao","超高","Excellent","최상","ดดีมาก","Cristian Zaccardo","C. Zaccardo","badged y2007","2007","serie-a","68","rb-68,cb-68",2,"Italy","Palermo","21.12.1981(34)","184","77","4","5","2","2","","","","","","","",""
"7050598",76,71,57,52,66,39,69,69,74,80,80,68,73,68,71,62,67,58,44,58,67,63,18,59,34,32,26,51,11,6,11,9,4,"72","Good","Cao","高","Good","상","ดี","Darren Bent","D. Bent","badged y2007","2007","barclays-premier-league","70","st-70,rw-67",3,"England","Tottenham Hotspur","6.2.1984(32)","180","73","3","5","1","1","Fast runner,Solver","Tia chớp,Sát thủ","飞翼,终结者","날쌘돌이,해결사","Insists preferred position,Sharp curling shot","Không linh hoạt,Sút xoáy","固定站位,a搓射高手","선호 포지션 고집,예리한 감아차기"
"7051123",67,71,68,70,69,62,69,75,68,71,71,74,72,77,74,67,68,70,64,66,72,65,63,73,63,67,51,66,6,5,4,5,6,"74","Excellent","Rất cao","超高","Excellent","최상","ดดีมาก","Mathieu Bodmer","M. Bodmer","badged y2007","2007","ligue-1","69","cm-69,cdm-66,cb-65,cam-69",3,"France","Olympique Lyon","22.11.1982(33)","190","90","4","5","2","2","Acrobatic","Nghệ sĩ","杂耍高手","아크로바틱","Leadership","Lãnh đạo","领导力","리더쉽"
"7052091",43,62,67,51,35,35,42,59,67,77,76,68,67,69,71,62,70,64,69,63,68,65,68,59,66,72,67,60,11,11,10,6,4,"71","Good","Cao","高","Good","상","ดี","Patrice Evra","P. Evra","badged y2007","2007","barclays-premier-league","68","lb-68,lwb-68,lm-65",3,"France","Manchester United","15.5.1981(35)","173","76","5","3","3","3","","","","","","","",""
"7053302",67,73,65,71,67,68,70,73,68,65,68,69,70,65,68,69,71,71,68,68,66,69,67,67,68,73,65,80,6,12,8,8,8,"75","Good","Cao","高","Good","상","ดี","Daniele De Rossi","D. De Rossi","badged y2007","2007","serie-a","68","cdm-68,cm-68,rm-68",2,"Italy","Roma","24.7.1983(33)","184","78","4","5","2","3","","","","","","","",""
"7053612",19,63,33,21,25,38,23,77,76,65,62,43,62,73,67,71,66,57,49,32,56,38,72,62,77,71,78,64,10,5,9,11,6,"75","Excellent","Rất cao","超高","Excellent","최상","ดดีมาก","Per Mertesacker","P. Mertesacker","badged y2007","2007","bundesliga","71","cb-71,sw-71",2,"Germany","Werder Bremen","29.9.1984(32)","196","85","3","5","2","2","Dominator of the air","Chuyên gia không chiến","高空制空权","공중의 지배자","Strong Header","Đánh đầu mạnh","强力头球","강력한 헤딩"
"7054050",76,77,68,75,82,72,70,57,70,72,74,74,75,57,76,78,77,74,61,65,78,74,37,76,35,26,23,84,9,6,4,10,9,"77","Excellent","Rất cao","超高","Excellent","최상","ดดีมาก","Wayne Rooney","W. Rooney","badged y2007","2007","barclays-premier-league","74","cf-74,st-73,rf-74,lf-74",3,"England","Manchester United","24.10.1985(30)","176","78","4","5","3","3","Perfect Striker,Goal Getter,Tanker,Acrobatic,Cannon Shooter,Two hearts,Technician","Cây săn bàn,Xạ thủ,Chiến binh,Nghệ sĩ,Đại pháo,Người không phổi,Vũ công","完美的进球机器,进球机器,重量级球员,杂耍高手,远射高手,跑不死,控球大师","완벽한 공격수,골게터,탱커,아크로바틱,캐논 슈터,두개의 심장,테크니션","Short tempered,Prefer long shot (AI)","Tranh cãi trọng tài,Sút xa (AI)","与裁判争论,重炮手 (AI)","다혈질,중거리 슛 선호 (AI)"
"7103133",62,69,68,71,73,56,70,62,75,68,67,56,67,64,64,56,57,66,65,67,73,71,41,67,36,35,31,33,11,8,4,11,5,"69","Good","Cao","高","Good","상","ดี","Seol Ki Hyeon","S. Ki Hyeon","badged y2007","2007","football-league-championship","68","rm-68,lm-68,cf-69",3,"Korea Republic","Reading","8.1.1979(37)","184","73","4","5","2","2","","","","","","","",""
"7112253",23,56,23,54,23,40,13,54,71,59,60,69,69,57,76,62,66,73,62,61,71,62,74,77,68,70,66,73,5,10,6,9,11,"74","Good","Cao","高","Good","상","ดี","Jeremy Toulalan","J. Toulalan","badged y2007","2007","ligue-1","70","cdm-70,cm-68",2,"France","Olympique Lyon","10.9.1983(33)","183","83","3","5","2","3","Vacuum Cleaner,Maestro","Máy quét,Bậc thầy","清道夫,节奏大师","진공 청소기,마에스트로","Pass master","Chuyên gia chuyền bóng","传球大师","패스 마스터"
"7113422",80,74,69,74,71,75,78,64,73,73,74,76,75,68,76,72,73,75,66,69,72,70,27,78,40,28,35,65,9,10,11,8,10,"80","Excellent","Rất cao","超高","Excellent","최상","ดดีมาก","David Villa","D. Villa","badged y2007","2007","liga-bbva","73","st-73,cf-73,rf-73",4,"Spain","Valencia CF","3.12.1981(34)","175","69","4","5","3","2","Goal Getter,Acrobatic,Freekick Specialist,Cannon Shooter","Xạ thủ,Nghệ sĩ,Chuyên gia đá phạt,Đại pháo","进球机器,杂耍高手,任意球大师,远射高手","골게터,아크로바틱,프리킥 스페셜리스트,캐논 슈터","","","",""
"7119152",32,73,50,69,29,58,34,71,70,69,68,51,68,72,76,75,71,61,58,34,57,40,69,59,76,74,74,72,6,6,6,4,6,"74","Good","Cao","高","Good","상","ดี","Kolo Toure","K. Toure","badged y2007","2007","barclays-premier-league","71","cb-71,rb-66,cdm-67",2,"Ivory Coast","Arsenal","19.3.1981(35)","183","76","4","5","2","2","Wall of Wail","Bức tường thép","抢断高手","통곡의 벽","Prefer long shot (AI)","Sút xa (AI)","重炮手 (AI)","중거리 슛 선호 (AI)"
"7120304",51,69,43,45,56,57,45,59,72,68,67,69,70,53,77,74,74,73,58,52,65,61,70,69,73,66,73,70,7,6,6,7,7,"73","Excellent","Rất cao","超高","Excellent","최상","ดดีมาก","Jean II Makoun","J. II Makoun","badged y2007","2007","ligue-1","69","cdm-69,cm-66,rm-64,rwb-67",2,"Cameroon","LOSC Lille","29.5.1983(33)","173","72","3","5","2","2","","","","","","","",""
"7121939",31,43,60,65,34,34,45,37,75,71,71,74,76,57,68,47,58,72,56,74,73,72,79,71,72,80,70,62,8,9,11,9,8,"75","Excellent","Rất cao","超高","Excellent","최상","ดดีมาก","Philipp Lahm","P. Lahm","badged y2007","2007","bundesliga","73","lwb-73,rwb-73,lb-72,cdm-70",3,"Germany","Bayern Munchen","11.11.1983(32)","170","62","4","5","2","3","Perfect Defender,Acrobatic,Vacuum Cleaner,Wall of Wail","Tảng đá,Nghệ sĩ,Máy quét,Bức tường thép","完美防守大将,杂耍高手,清道夫,抢断高手","완벽한 수비수,아크로바틱,진공 청소기,통곡의 벽","Prefer sliding tackle (AI)","Xoạc bóng (AI)","铲断高手 (AI)","슬라이딩 태클 선호 (AI)"
"7135451",34,17,19,23,11,22,6,25,65,49,55,57,70,74,62,61,52,18,23,18,17,22,20,61,23,21,29,51,71,70,64,68,68,"72","Excellent","Rất cao","超高","Excellent","최상","ดดีมาก","Gomes","Gomes","badged y2007","2007","eredivisie","69","gk-69",1,"Brazil","PSV","15.2.1981(35)","191","82","2","5","2","2","","","","","","","",""
"7136138",72,69,74,67,73,70,68,46,70,70,73,77,70,42,66,52,62,78,71,71,80,76,30,75,34,24,21,54,7,9,11,11,4,"76","Good","Cao","高","Good","상","ดี","Diego","Diego","badged y2007","2007","bundesliga","74","cam-74,cm-69,lm-73,rm-73",4,"Brazil","Werder Bremen","28.2.1985(31)","173","73","4","5","2","2","Acrobatic,Maestro","Nghệ sĩ,Bậc thầy","杂耍高手,节奏大师","아크로바틱,마에스트로","Impressive Skill,Play maker (AI),Pass master","Tinh tế,Kiến tạo (AI),Chuyên gia chuyền bóng","花式大师,组织型球员 (AI),传球大师","화려한 개인기,플레이 메이커 (AI),패스 마스터"
"7137494",65,73,35,62,71,37,68,65,67,82,84,80,74,72,69,71,74,62,40,44,67,71,22,64,34,30,22,65,10,7,8,4,11,"72","Good","Cao","高","Good","상","ดี","Obafemi Martins","O. Martins","badged y2007","2007","barclays-premier-league","69","st-69,lf-68",3,"Nigeria","Newcastle United","28.10.1984(31)","170","70","5","5","2","2","Acrobatic,Fast runner","Nghệ sĩ,Tia chớp","杂耍高手,飞翼","아크로바틱,날쌘돌이","Impressive Skill,Strong Header","Tinh tế,Đánh đầu mạnh","花式大师,强力头球","화려한 개인기,강력한 헤딩"
"7137671",74,65,73,70,67,65,71,68,74,72,70,67,65,68,68,67,61,64,49,53,64,73,29,61,26,17,13,59,6,6,5,4,6,"76","Good","Cao","高","Good","상","ดี","Peter Odemwingie","P. Odemwingie","badged y2007","2007","","69","st-69,cf-68,cam-66",3,"Nigeria","Rest of the World","15.7.1981(35)","182","75","4","5","3","1","Goal Getter","Xạ thủ","进球机器","골게터","","","",""
"7138123",50,66,54,49,51,44,62,68,64,71,70,67,66,68,74,69,70,72,67,71,69,63,71,67,74,64,72,71,11,11,8,6,5,"73","Excellent","Rất cao","超高","Excellent","최상","ดดีมาก","Esteban Cambiasso","E. Cambiasso","badged y2007","2007","serie-a","70","cdm-70,cm-67,cam-65",2,"Argentina","Inter","18.8.1980(36)","177","78","5","4","2","2","","","","","","","",""
"7139094",8,26,8,9,16,9,10,10,24,24,23,38,74,71,37,59,26,19,19,7,18,7,19,48,23,24,10,57,70,68,63,74,68,"72","Excellent","Rất cao","超高","Excellent","최상","ดดีมาก","Helton","Helton","badged y2007","2007","liga-portuguesa","70","gk-70",1,"Brazil","FC Porto","18.5.1978(38)","186","74","4","5","2","2","","","","","","","",""
"7139869",72,69,74,74,70,76,61,57,64,68,68,66,69,57,62,61,68,77,75,69,72,74,57,71,59,30,51,57,6,2,2,9,4,"75","Good","Cao","高","Good","상","ดี","Wesley Sneijder","W. Sneijder","badged y2007","2007","liga-bbva","70","cm-70,lm-70",3,"Holland","Real Madrid","9.6.1984(32)","170","67","4","5","2","2","Freekick Specialist,Technician","Chuyên gia đá phạt,Vũ công","任意球大师,控球大师","프리킥 스페셜리스트,테크니션","Pass master","Chuyên gia chuyền bóng","传球大师","패스 마스터"
"7140601",34,47,36,34,26,40,43,80,71,63,62,50,64,78,67,76,68,57,59,34,58,35,70,51,73,69,71,80,8,10,13,5,15,"74","Good","Cao","高","Good","상","ดี","Nemanja Vidic","N. Vidic","badged y2007","2007","barclays-premier-league","71","cb-71,cdm-65",2,"Serbia","Manchester United","21.10.1981(34)","188","84","3","5","1","3","Tanker,Dominator of the air","Chiến binh,Chuyên gia không chiến","重量级球员,高空制空权","탱커,공중의 지배자","Strong Header","Đánh đầu mạnh","强力头球","강력한 헤딩"
"7141645",26,58,62,35,35,38,57,69,74,72,74,67,68,69,68,70,68,71,62,73,70,49,76,75,71,72,72,75,6,7,8,6,4,"74","Average","TB","中","Normal","보통","ดปานกลาง","Eric Abidal","E. Abidal","badged y2007","2007","liga-bbva","71","lb-71,lwb-70,cb-71",3,"France","FC Barcelona","11.9.1979(37)","186","75","5","3","2","2","Vacuum Cleaner","Máy quét","清道夫","진공 청소기","","","",""
"7142708",77,69,62,69,65,59,72,68,68,68,68,68,75,68,72,67,69,70,62,59,68,64,30,65,29,25,25,59,6,6,6,6,6,"71","Excellent","Rất cao","超高","Excellent","최상","ดดีมาก","Diego Milito","D. Milito","badged y2007","2007","liga-adelante","69","cf-69,st-70",3,"Argentina","Real Zaragoza","12.6.1979(37)","183","78","3","5","3","2","Goal Getter","Xạ thủ","进球机器","골게터","","","",""
"7142754",45,57,53,55,45,25,47,56,73,62,61,66,68,58,72,58,68,75,74,57,68,51,78,77,72,68,68,74,6,6,5,4,8,"73","Excellent","Rất cao","超高","Excellent","최상","ดดีมาก","Javier Mascherano","J. Mascherano","badged y2007","2007","barclays-premier-league","71","cdm-71,cm-70,rm-64,lm-64",2,"Argentina","Liverpool","8.6.1984(32)","174","71","3","5","2","3","Vacuum Cleaner,Maestro","Máy quét,Bậc thầy","清道夫,节奏大师","진공 청소기,마에스트로","","","",""
"7143001",74,74,65,67,69,78,68,51,70,71,74,70,68,57,68,75,76,74,58,67,76,77,49,73,30,20,28,74,9,10,6,6,10,"76","Good","Cao","高","Good","상","ดี","Carlos Tevez","C. Tevez","badged y2007","2007","barclays-premier-league","72","cf-72,st-70,rf-72,lf-72",4,"Argentina","Manchester United","5.2.1984(32)","172","75","4","5","3","3","Freekick Specialist,Technician","Chuyên gia đá phạt,Vũ công","任意球大师,控球大师","프리킥 스페셜리스트,테크니션","","","",""
"7146530",28,54,53,36,54,66,45,65,70,75,74,68,74,66,80,69,74,72,73,72,69,65,69,57,72,77,73,73,9,10,6,11,7,"77","Good","Cao","高","Good","상","ดี","Dani Alves","D. Alves","badged y2007","2007","liga-bbva","73","rb-73,rwb-72,rw-63",4,"Brazil","Sevilla FC","6.5.1983(33)","171","64","4","5","3","1","Wall of Wail","Bức tường thép","抢断高手","통곡의 벽","","","",""
"7146536",61,56,67,71,67,39,47,46,56,76,74,71,67,54,68,57,61,69,58,68,70,80,28,65,17,22,23,50,4,6,6,7,6,"78","Good","Cao","高","Good","상","ดี","Jesus Navas","J. Navas","badged y2007","2007","liga-bbva","69","rw-69,cam-68,rm-68,cf-67",4,"Spain","Sevilla FC","21.11.1985(30)","170","60","3","5","2","2","","","","","","","",""
"7147777",67,66,61,61,53,45,36,40,67,68,69,62,58,44,61,58,60,74,62,67,74,74,23,75,35,38,27,52,9,6,9,6,6,"76","Excellent","Rất cao","超高","Excellent","최상","ดดีมาก","Andrey Arshavin","A. Arshavin","badged y2007","2007","national-team","70","cam-70,rm-69,cf-68,rw-69",4,"Russia","Russia","29.5.1981(35)","172","69","4","5","1","1","","","","","","","",""
"7148119",6,20,6,7,9,7,8,6,24,39,43,70,68,64,46,57,50,19,19,7,18,7,12,60,7,7,14,45,75,71,66,78,68,"76","Excellent","Rất cao","超高","Excellent","최상","ดดีมาก","Igor Akinfeev","I. Akinfeev","badged y2007","2007","national-team","72","gk-72",1,"Russia","Russia","8.4.1986(30)","184","78","4","5","2","2","","","","","","","",""
"7153079",72,68,62,65,74,68,64,56,69,73,72,71,70,57,52,46,54,68,62,62,74,74,19,70,17,10,11,38,7,6,6,5,6,"75","Average","TB","中","Normal","보통","ดปานกลาง","Sergio Aguero","S. Aguero","badged y2007","2007","liga-bbva","70","cf-70",4,"Argentina","Atletico Madrid","2.6.1988(28)","172","74","5","3","3","2","","","","","","","",""
"7155862",36,53,45,35,25,51,39,73,71,72,71,64,68,73,73,73,74,69,54,56,68,61,73,61,77,73,74,71,7,10,6,11,7,"78","Good","Cao","高","Good","상","ดี","Sergio Ramos","S. Ramos","badged y2007","2007","liga-bbva","70","rb-70,rwb-69,cb-72",3,"Spain","Real Madrid","30.3.1986(30)","183","73","3","5","3","2","Vacuum Cleaner,Wall of Wail","Máy quét,Bức tường thép","清道夫,抢断高手","진공 청소기,통곡의 벽","Steel Body,Strong Header","Cứng cỏi,Đánh đầu mạnh","不易受伤,强力头球","강철몸,강력한 헤딩"
"7156616",57,62,68,66,69,60,71,51,72,74,76,70,69,64,68,57,69,73,67,71,77,78,30,74,22,9,19,53,6,9,5,9,12,"77","Average","TB","中","Normal","보통","ดปานกลาง","Franck Ribery","F. Ribery","badged y2007","2007","bundesliga","72","rm-72,cam-72,lm-72,lw-72",5,"France","Bayern Munchen","7.4.1983(33)","170","62","5","5","3","2","Technician","Vũ công","控球大师","테크니션","Diver","Ăn vạ","假摔","다이버"
"7158023",68,71,69,71,69,59,64,53,75,82,82,78,75,53,62,54,69,76,67,70,80,82,18,74,21,17,17,57,6,7,11,13,10,"80","Good","Cao","高","Good","상","ดี","Lionel Messi","L. Messi","badged y2007","2007","liga-bbva","75","rf-75,lf-75,rw-76,cf-75",4,"Argentina","FC Barcelona","24.6.1987(29)","169","67","5","3","2","1","Acrobatic,Technician,Fast runner","Nghệ sĩ,Vũ công,Tia chớp","杂耍高手,控球大师,飞翼","아크로바틱,테크니션,날쌘돌이","Impressive Skill","Tinh tế","花式大师","화려한 개인기"
"7162347",62,64,67,69,64,71,67,57,72,66,70,69,67,68,68,66,69,71,66,66,73,69,66,71,57,53,54,62,4,11,11,8,4,"72","Good","Cao","高","Good","상","ดี","Joao Moutinho","J. Moutinho","badged y2007","2007","liga-portuguesa","69","cam-69,cm-68",3,"Portugal","Sporting CP","8.9.1986(30)","170","61","3","5","2","2","","","","","","","",""
"7162895",58,64,62,59,57,57,62,53,75,63,62,70,71,57,75,57,65,82,75,69,75,67,52,82,61,58,50,54,6,4,6,7,5,"75","Excellent","Rất cao","超高","Excellent","최상","ดดีมาก","Cesc Fabregas","C. Fabregas","badged y2007","2007","barclays-premier-league","73","cm-73,cam-72,rm-71",3,"Spain","Arsenal","4.5.1987(29)","175","72","3","5","3","2","Maestro","Bậc thầy","节奏大师","마에스트로","Prefer long pass (AI),Play maker (AI)","Chuyền dài (AI),Kiến tạo (AI)","善于长传 (AI),组织型球员 (AI)","긴 패스 선호 (AI),플레이 메이커 (AI)"
"7165239",64,64,69,67,62,63,68,57,68,68,69,75,71,61,63,58,63,76,71,65,74,74,48,76,40,57,31,54,10,12,11,10,14,"76","Average","TB","中","Normal","보통","ดปานกลาง","Samir Nasri","S. Nasri","badged y2007","2007","ligue-1","72","cam-72,cm-69,cdm-59,lw-70",4,"France","Marseille","26.6.1987(29)","177","75","4","5","3","2","Acrobatic,Maestro,Technician","Nghệ sĩ,Bậc thầy,Vũ công","杂耍高手,节奏大师,控球大师","아크로바틱,마에스트로,테크니션","Impressive Skill,Play maker (AI)","Tinh tế,Kiến tạo (AI)","花式大师,组织型球员 (AI)","화려한 개인기,플레이 메이커 (AI)"
"7167963",59,72,64,71,68,62,62,43,66,68,73,71,65,57,69,59,69,72,66,62,73,74,59,76,30,28,19,45,7,6,6,6,7,"75","Good","Cao","高","Good","상","ดี","Anderson","Anderson","badged y2007","2007","barclays-premier-league","70","cam-70,cf-69,lw-69",3,"Brazil","Manchester United","13.4.1988(28)","176","69","5","4","2","2","Technician","Vũ công","控球大师","테크니션","Prefer long shot (AI),Play maker (AI),Pass master","Sút xa (AI),Kiến tạo (AI),Chuyên gia chuyền bóng","重炮手 (AI),组织型球员 (AI),传球大师","중거리 슛 선호 (AI),플레이 메이커 (AI),패스 마스터"
"7168542",68,64,69,67,64,63,63,51,72,73,74,71,75,52,72,55,57,72,68,72,73,68,34,77,34,34,51,51,10,7,10,5,9,"78","Excellent","Rất cao","超高","Excellent","최상","ดดีมาก","David Silva","D. Silva","badged y2007","2007","liga-bbva","71","lm-71,lw-71,cam-71,lf-70",4,"Spain","Valencia CF","8.1.1986(30)","171","68","5","3","3","1","","","","","","","",""
"7169721",32,52,46,37,37,26,17,73,64,71,73,58,68,80,74,76,62,58,47,53,59,51,65,55,70,72,66,74,11,7,7,11,7,"74","Average","TB","中","Normal","보통","ดปานกลาง","Micah Richards","M. Richards","badged y2007","2007","barclays-premier-league","69","cb-69,rb-66,cdm-63",2,"England","Manchester City","24.6.1988(28)","180","83","3","5","2","2","Tanker","Chiến binh","重量级球员","탱커","Leadership,Strong Header","Lãnh đạo,Đánh đầu mạnh","领导力,强力头球","리더쉽,강력한 헤딩"
"7171919",27,75,50,62,51,68,27,74,62,64,67,51,61,62,53,68,68,61,51,33,56,38,69,57,77,73,73,65,7,6,6,5,6,"73","Good","Cao","高","Good","상","ดี","Naldo","Naldo","badged y2007","2007","bundesliga","69","cb-69,lb-63,rb-63,cdm-64",2,"Brazil","Werder Bremen","10.9.1982(34)","195","90","4","5","3","2","Wall of Wail,Dominator of the air","Bức tường thép,Chuyên gia không chiến","抢断高手,高空制空权","통곡의 벽,공중의 지배자","Steel Body","Cứng cỏi","不易受伤","강철몸"
"9186581",62,65,70,66,61,68,56,57,71,62,58,64,65,62,68,54,64,63,66,62,70,65,45,65,32,28,21,36,5,4,6,6,7,"72","Good","Cao","高","Good","상","ดี","Keisuke Honda","K. Honda","badged y2009","2009","","65","cam-65,lm-64,lw-64,cm-63",3,"Japan","Rest of the World","13.6.1986(30)","182","75","5","3","2","2","",""
"11170733",69,66,66,63,65,39,66,63,73,77,81,79,69,56,62,57,65,69,59,63,74,75,40,72,42,30,39,47,13,6,12,12,10,"75","Very Low","Rất thấp","超低","Very Low","최하","ต่ำมาก","Gervinho","Gervinho","badged y2011","2011","barclays-premier-league","72","rw-72,lw-72,st-69",4,"Ivory Coast","Arsenal","27.5.1987(29)","179","68","4","5","3","2","Acrobatic,Technician,Fast runner","Nghệ sĩ,Vũ công,Tia chớp","杂耍高手,控球大师,飞翼","아크로바틱,테크니션,날쌘돌이","Impressive Skill","花式大师","화려한 개인기"
"35158023",83,78,82,79,73,78,62,61,86,79,79,90,82,59,69,69,80,81,78,80,88,88,17,86,19,18,11,49,6,11,15,8,14,"80","Good","Cao","高","Good","상","ดี","Lionel Messi","L. Messi","badged y2035","16ec","liga-bbva","83","cf-83",4,"Argentina","FC Barcelona","24.6.1987(29)","170","72","5","4","2","1","Perfect Striker,Goal Getter,Acrobatic,Freekick Specialist,Delivery cross,Cannon Shooter,Technician,Fast runner","Cây săn bàn,Xạ thủ,Nghệ sĩ,Chuyên gia đá phạt,Tạt bóng,Đại pháo,Vũ công,Tia chớp","完美的进球机器,进球机器,杂耍高手,任意球大师,传中高手,远射高手,控球大师,飞翼","완벽한 공격수,골게터,아크로바틱,프리킥 스페셜리스트,택배 크로스,캐논 슈터,테크니션,날쌘돌이","Sharp curling shot,Prefer long shot (AI),Speed dribbler","a搓射高手,重炮手 (AI),Speed dribbler","예리한 감아차기,중거리 슛 선호 (AI),Speed dribbler"
"91158023",90,75,78,78,81,80,71,63,86,79,86,86,89,66,74,70,85,83,71,78,90,90,22,82,22,25,19,47,5,9,12,6,11,"92","Good","Cao","高","Good","상","ดี","Lionel Messi","L. Messi","badged y2091","xi","world-league","85","cf-85",5,"Argentina","WORLD BEST","24.6.1987(29)","169","67","5","3","2","1","Perfect Striker,Goal Getter,Acrobatic,Freekick Specialist,Delivery cross,Cannon Shooter,Technician,Fast runner,Solver","Steel Body,Sharp curling shot,Impressive Skill"
"93000195",81,82,73,81,83,79,83,83,84,84,83,82,86,81,81,82,87,76,60,59,82,82,66,78,48,32,27,70,5,12,6,9,7,"86","Good","Cao","高","Good","상","ดี","Robbie Fowler","R. Fowler","badged y2093","wl","world-league","82","st-82,cf-81",5,"England","World Legend","9.4.1975(41)","180","73","5","3","2","2","Perfect Striker,Goal Getter,Tanker,Acrobatic,Freekick Specialist,Cannon Shooter,Technician,Dominator of the air,Fast runner,Solver","Cây săn bàn,Xạ thủ,Chiến binh,Nghệ sĩ,Chuyên gia đá phạt,Đại pháo,Vũ công,Chuyên gia không chiến,Tia chớp,Sát thủ","完美的进球机器,进球机器,重量级球员,杂耍高手,任意球大师,远射高手,控球大师,高空制空权,飞翼,终结者","완벽한 공격수,골게터,탱커,아크로바틱,프리킥 스페셜리스트,캐논 슈터,테크니션,공중의 지배자,날쌘돌이,해결사","Strong Header","强力头球","강력한 헤딩"
"93051539",6,24,10,9,10,9,20,10,10,34,34,35,65,63,30,65,38,23,23,11,18,7,26,25,6,6,6,11,83,85,80,86,90,"75","Excellent","Rất cao","超高","Excellent","최상","ดดีมาก","Edwin van der Sar","E. van der Sar","badged y2093","wl","world-league","83","gk-83",1,"Holland","World Legend","29.10.1970(45)","197","83","3","5","2","2","",""
"93052241",88,81,71,79,83,78,78,84,88,84,85,86,86,82,79,79,82,72,69,60,84,81,39,83,36,34,43,70,13,12,7,11,10,"87","Good","Cao","高","Good","상","ดี","Henrik Larsson","H. Larsson","badged y2093","wl","world-league","83","st-83,cf-83",5,"Sweden","World Legend","20.9.1971(45)","178","76","4","5","3","1","Perfect Striker,Goal Getter,Tanker,Acrobatic,Freekick Specialist,Cannon Shooter,Technician,Dominator of the air,Fast runner","Sharp curling shot,Impressive Skill"
