pid	imageid	finishing	shotpower	curve	longshots	volleys	freekickaccuracy	penalties	headingaccuracy	positioning	sprintspeed	acceleration	agility	reactions	jumping	stamina	strength	balance	shortpassing	longpassing	crossing	ballcontrol	dribbling	tacticalawareness	vision	standingtackle	slidingtackle	marking	aggression	gkdiving	gkhandling	gkkicking	gkreflexes	gkpositioning	poten	perfcon	perfcon_vn	perfcon_cn	perfcon_id	perfcon_kr	perfcon_th	fullname	shortname	badged	season	league	overallrating	positions	skillmoves	nation	club	birthday	height	weight	leftfoot	rightfoot	attack	defence	speciality	speciality_vn	speciality_cn	speciality_kr	hidden_score	hidden_score_vn	hidden_score_cn	hidden_score_kr	isliveboost	boostvalue
91000041	91000041	75	75	79	84	77	78	76	64	92	87	85	93	87	59	89	70	83	95	91	87	94	91	67	94	59	59	61	59	13	13	13	17	16	85	Good	Cao	?	Good	?	??	Iniesta	Iniesta	badged y2091	xi		90	"rw-88,cam-90,rm-89,cm-88"	5	Spain	WORLD BEST	11.5.1984 (33)	169	64	4	5	3	2	"Perfect Midfielder,Acrobatic,Freekick Specialist,Delivery cross,Cannon Shooter,Maestro,Technician,Fast runner"	"Nh?c tr??ng,Ngh? s?,Chuyên gia ?á ph?t,T?t bóng,??i pháo,B?c th?y,V? công,Tia ch?p"	"???????,????,?????,????,????,????,????,??"	"??? ????,?????,??? ??????,?? ???,?? ??,?????,????,????"	"Sharp curling shot,Play maker (AI),Pass master"	"Sút xoáy,Ki?n t?o (AI),Chuyên gia chuy?n bóng"	"????,????? (AI),????"	"??? ????,??? ??? (AI),?? ???"		
91001179	91001179	18	32	21	19	19	18	34	21	27	52	63	80	84	79	59	81	62	32	39	17	30	21	34	81	20	22	20	83	88	91	84	89	95	92	Excellent	R?t cao	??	Excellent	??	??????	Gianluigi Buffon	G. Buffon	badged y2091	xi		89	gk-89	1	Italy	WORLD BEST	28.1.1978 (40)	191	82	3	5	2	2	"Tanker,Acrobatic"	"Chi?n binh,Ngh? s?"	"?????,????"	"??,?????"	"Leadership,GK Proficient 1:1 Defense"	"Lãnh ??o,TM ??i m?t"	"???,GK1?1"	"???,GK ??? 1:1 ??"		
91001625	91001625	94	87	89	85	87	88	86	73	89	94	91	91	92	66	84	80	85	90	63	75	86	90	29	84	24	19	22	47	16	11	11	16	13	90	Excellent	R?t cao	??	Excellent	??	??????	Thierry Henry	T. Henry	badged y2091	xi		87	"st-87,cf-88,rf-88"	5	France	WORLD BEST	17.8.1977 (40)	188	83	4	5	2	2	"Perfect Striker,Goal Getter,Tanker,Acrobatic,Freekick Specialist,Cannon Shooter,Technician,Fast runner,Solver"	"Cây s?n bàn,X? th?,Chi?n binh,Ngh? s?,Chuyên gia ?á ph?t,??i pháo,V? công,Tia ch?p,Sát th?"	"???????,????,?????,????,?????,????,????,??,???"	"??? ???,???,??,?????,??? ??????,?? ??,????,????,???"	"Sharp curling shot,Impressive Skill"	"Sút xoáy,Tinh t?"	"????,????"	"??? ????,??? ???"		
91005471	91005471	89	92	87	95	88	87	90	75	88	80	76	79	88	71	90	84	81	90	90	84	88	81	67	90	65	66	63	81	13	12	12	12	14	85	Excellent	R?t cao	??	Excellent	??	??????	Frank Lampard	F. Lampard	badged y2091	xi		87	"cam-87,rm-85,cm-86"	5	England	WORLD BEST	20.6.1978 (39)	183	83	4	5	2	2	"Perfect Striker,Perfect Midfielder,Goal Getter,Tanker,Acrobatic,Freekick Specialist,Delivery cross,Cannon Shooter,Maestro,Technician,Solver"	"Cây s?n bàn,Nh?c tr??ng,X? th?,Chi?n binh,Ngh? s?,Chuyên gia ?á ph?t,T?t bóng,??i pháo,B?c th?y,V? công,Sát th?"	"???????,???????,????,?????,????,?????,????,????,????,????,???"	"??? ???,??? ????,???,??,?????,??? ??????,?? ???,?? ??,?????,????,???"	"Steel Body,Leadership,Prefer long pass (AI),Prefer long shot (AI),Play maker (AI)"	"C?ng c?i,Lãnh ??o,Chuy?n dài (AI),Sút xa (AI),Ki?n t?o (AI)"	"????,???,???? (AI),??? (AI),????? (AI)"	"???,???,? ?? ?? (AI),??? ? ?? (AI),??? ??? (AI)"		
91005479	91005479	19	36	22	18	25	23	33	20	60	67	71	69	89	83	54	66	56	29	33	22	37	21	36	57	20	20	21	32	93	89	78	95	89	88	Excellent	R?t cao	??	Excellent	??	??????	Casillas	Casillas	badged y2091	xi		90	gk-90	1	Spain	WORLD BEST	20.5.1981 (36)	182	79	5	3	2	2					"Leadership,GK Long Throw,GK Proficient 1:1 Defense"	"Lãnh ??o,Th? môn ném xa,TM ??i m?t"	"???,GK ?????,GK1?1"	"???,GK ?? ???,GK ??? 1:1 ??"		
91007289	91007289	51	65	62	31	54	35	58	90	75	84	84	65	84	86	80	91	83	71	51	50	70	51	85	82	90	89	90	90	14	19	14	18	15	88	Excellent	R?t cao	??	Excellent	??	??????	Rio Ferdinand	R. Ferdinand	badged y2091	xi		86	"cdm-79,cb-86"	5	England	WORLD BEST	7.11.1978 (39)	189	82	3	5	2	2	"Perfect Defender,Tanker,Vacuum Cleaner,Wall of Wail,Dominator of the air,Fast runner"	"T?ng ?á,Chi?n binh,Máy quét,B?c t??ng thép,Chuyên gia không chi?n,Tia ch?p"	"??????,?????,???,????,?????,??"	"??? ???,??,?? ???,??? ?,??? ???,????"	"Steel Body,Leadership,Short tempered,Strong Header,Fantastic clear"	"C?ng c?i,Lãnh ??o,Tranh cãi tr?ng tài,?ánh ??u m?nh,Siêu c?n phá"	"????,???,?????,????,?????"	"???,???,???,??? ??,??? ????"		
91007763	91007763	57	80	91	88	85	92	87	68	88	80	76	81	77	57	88	67	82	91	89	84	93	87	70	92	77	64	68	77	14	15	16	19	15	90	Good	Cao	?	Good	?	??	Andrea Pirlo	A. Pirlo	badged y2091	xi		86	"cam-85,cm-86,cdm-80"	5	Italy	WORLD BEST	19.5.1979 (38)	177	68	3	5	1	2	"Perfect Midfielder,Acrobatic,Freekick Specialist,Delivery cross,Cannon Shooter,Maestro,Technician"	"Nh?c tr??ng,Ngh? s?,Chuyên gia ?á ph?t,T?t bóng,??i pháo,B?c th?y,V? công"	"???????,????,?????,????,????,????,????"	"??? ????,?????,??? ??????,?? ???,?? ??,?????,????"	"Sharp curling shot,Prefer long pass (AI),Play maker (AI)"	"Sút xoáy,Chuy?n dài (AI),Ki?n t?o (AI)"	"????,???? (AI),????? (AI)"	"??? ????,? ?? ?? (AI),??? ??? (AI)"		
91009014	91009014	85	83	88	88	86	88	85	63	84	89	91	89	91	72	87	81	96	81	80	85	91	93	38	85	33	32	31	59	14	13	16	20	9	92	Good	Cao	?	Good	?	??	Arjen Robben	A. Robben	badged y2091	xi		87	"rw-87,rm-87"	5	Holland	WORLD BEST	23.1.1984 (34)	181	80	5	2	3	1	"Perfect Striker,Goal Getter,Tanker,Acrobatic,Freekick Specialist,Delivery cross,Cannon Shooter,Technician,Fast runner"	"Cây s?n bàn,X? th?,Chi?n binh,Ngh? s?,Chuyên gia ?á ph?t,T?t bóng,??i pháo,V? công,Tia ch?p"	"???????,????,?????,????,?????,????,????,????,??"	"??? ???,???,??,?????,??? ??????,?? ???,?? ??,????,????"	"Prefer main feet,Sharp curling shot,Prefer long shot (AI)"	"Tránh sai chân thu?n,Sút xoáy,Sút xa (AI)"	"?????,????,??? (AI)"	"?? ??,??? ????,??? ? ?? (AI)"		
91009676	91009676	93	88	85	83	88	79	72	82	88	93	94	84	89	77	85	78	84	86	71	76	88	86	44	85	36	32	19	73	12	11	11	11	12	91	Good	Cao	?	Good	?	??	Samuel Eto'o	S. Eto'o	badged y2091	xi		87	"st-87,cf-88,rf-88"	5	Cameroon	WORLD BEST	10.3.1981 (36)	180	74	3	5	2	2	"Perfect Striker,Goal Getter,Acrobatic,Freekick Specialist,Cannon Shooter,Technician,Dominator of the air,Fast runner,Solver"	"Cây s?n bàn,X? th?,Ngh? s?,Chuyên gia ?á ph?t,??i pháo,V? công,Chuyên gia không chi?n,Tia ch?p,Sát th?"	"???????,????,????,?????,????,????,?????,??,???"	"??? ???,???,?????,??? ??????,?? ??,????,??? ???,????,???"	Impressive Skill	Tinh t?	????	??? ???		
91010535	91010535	75	76	83	80	69	84	78	59	87	77	77	89	88	58	87	69	85	96	93	93	93	89	71	93	70	71	56	65	10	12	12	11	12	90	Excellent	R?t cao	??	Excellent	??	??????	Xavi	Xavi	badged y2091	xi		88	"cam-88,rm-88,cm-88,cdm-80"	5	Spain	WORLD BEST	25.1.1980 (38)	170	68	3	5	2	2	"Perfect Midfielder,Acrobatic,Freekick Specialist,Delivery cross,Maestro,Technician"	"Nh?c tr??ng,Ngh? s?,Chuyên gia ?á ph?t,T?t bóng,B?c th?y,V? công"	"???????,????,?????,????,????,????"	"??? ????,?????,??? ??????,?? ???,?????,????"	"Steel Body,Play maker (AI),Celebrity,Pass master"	"C?ng c?i,Ki?n t?o (AI),Ngôi sao ???c yêu thích,Chuyên gia chuy?n bóng"	"????,????? (AI),????,????"	"???,??? ??? (AI),???,?? ???"		
91013732	91013732	42	63	51	40	45	38	57	94	90	80	77	63	87	89	89	94	83	73	66	46	74	52	89	73	93	88	93	92	13	13	13	9	13	89	Excellent	R?t cao	??	Excellent	??	??????	John Terry	J. Terry	badged y2091	xi		89	"cb-89,sw-89"	5	England	WORLD BEST	7.12.1980 (37)	187	90	3	5	2	3	"Perfect Defender,Tanker,Vacuum Cleaner,Wall of Wail,Dominator of the air"	"T?ng ?á,Chi?n binh,Máy quét,B?c t??ng thép,Chuyên gia không chi?n"	"??????,?????,???,????,?????"	"??? ???,??,?? ???,??? ?,??? ???"	"Leadership,Short tempered,Strong Header"	"Lãnh ??o,Tranh cãi tr?ng tài,?ánh ??u m?nh"	"???,?????,????"	"???,???,??? ??"		
91013743	91013743	85	95	82	97	82	84	81	78	88	84	81	77	84	81	92	87	85	89	91	92	89	83	70	92	86	81	77	85	10	12	12	14	11	87	Excellent	R?t cao	??	Excellent	??	??????	Steven Gerrard	S. Gerrard	badged y2091	xi		88	"rm-87,cm-88,cdm-84"	5	England	WORLD BEST	30.5.1980 (37)	183	83	4	5	2	2	"Perfect Striker,Perfect Midfielder,Goal Getter,Tanker,Wall of Wail,Freekick Specialist,Delivery cross,Cannon Shooter,Maestro,Technician,Fast runner,Solver"	"Cây s?n bàn,Nh?c tr??ng,X? th?,Chi?n binh,B?c t??ng thép,Chuyên gia ?á ph?t,T?t bóng,??i pháo,B?c th?y,V? công,Tia ch?p,Sát th?"	"???????,???????,????,?????,????,?????,????,????,????,????,??,???"	"??? ???,??? ????,???,??,??? ?,??? ??????,?? ???,?? ??,?????,????,????,???"	"Leadership,Prefer early cross (AI),Prefer long pass (AI),Prefer long shot (AI),Play maker (AI)"	"Lãnh ??o,T?t bóng s?m (AI),Chuy?n dài (AI),Sút xa (AI),Ki?n t?o (AI)"	"???,???? (AI),???? (AI),??? (AI),????? (AI)"	"???,???? (AI),? ?? ?? (AI),??? ? ?? (AI),??? ??? (AI)"		
91020801	91020801	93	93	85	96	88	88	86	89	90	93	94	91	91	91	89	88	83	85	77	84	95	93	33	87	35	30	29	66	11	14	17	14	16	95	Good	Cao	?	Good	?	??	Cristiano Ronaldo	Cristiano Ronaldo	badged y2091	xi		91	"rw-91,rm-89"	5	Portugal	WORLD BEST	5.2.1985 (33)	186	84	4	5	3	1	"Perfect Striker,Goal Getter,Tanker,Acrobatic,Freekick Specialist,Delivery cross,Cannon Shooter,Technician,Dominator of the air,Fast runner"	"Cây s?n bàn,X? th?,Chi?n binh,Ngh? s?,Chuyên gia ?á ph?t,T?t bóng,??i pháo,V? công,Chuyên gia không chi?n,Tia ch?p"	"???????,????,?????,????,?????,????,????,????,?????,??"	"??? ???,???,??,?????,??? ??????,?? ???,?? ??,????,??? ???,????"	"Diver,Sharp curling shot,Impressive Skill,Prefer long shot (AI)"	"?n v?,Sút xoáy,Tinh t?,Sút xa (AI)"	"??,????,????,??? (AI)"	"???,??? ????,??? ???,??? ? ?? (AI)"		
91028130	91028130	86	82	90	90	90	92	85	67	89	89	88	94	89	68	78	74	83	86	81	81	98	97	38	85	35	29	20	68	15	13	15	14	13	92	Good	Cao	?	Good	?	??	Ronaldinho	Ronaldinho	badged y2091	xi		89	"rw-90,cf-89,rf-89,cam-89"	5	Brazil	WORLD BEST	21.3.1980 (37)	181	81	4	5	2	2	"Perfect Striker,Goal Getter,Acrobatic,Freekick Specialist,Delivery cross,Cannon Shooter,Technician,Fast runner"	"Cây s?n bàn,X? th?,Ngh? s?,Chuyên gia ?á ph?t,T?t bóng,??i pháo,V? công,Tia ch?p"	"???????,????,????,?????,????,????,????,??"	"??? ???,???,?????,??? ??????,?? ???,?? ??,????,????"	"Sharp curling shot,Impressive Skill,Play maker (AI),Pass master"	"Sút xoáy,Tinh t?,Ki?n t?o (AI),Chuyên gia chuy?n bóng"	"????,????,????? (AI),????"	"??? ????,??? ???,??? ??? (AI),?? ???"		
91031432	91031432	95	87	77	86	82	86	86	90	91	85	82	71	87	91	81	93	87	81	56	80	82	82	53	81	38	38	30	89	14	15	12	17	11	88	Good	Cao	?	Good	?	??	Didier Drogba	D. Drogba	badged y2091	xi		87	"st-87,cf-85"	5	Ivory Coast	WORLD BEST	11.3.1978 (39)	189	91	4	5	2	2	"Perfect Striker,Goal Getter,Tanker,Freekick Specialist,Delivery cross,Cannon Shooter,Technician,Dominator of the air,Fast runner,Solver"	"Cây s?n bàn,X? th?,Chi?n binh,Chuyên gia ?á ph?t,T?t bóng,??i pháo,V? công,Chuyên gia không chi?n,Tia ch?p,Sát th?"	"???????,????,?????,?????,????,????,????,?????,??,???"	"??? ???,???,??,??? ??????,?? ???,?? ??,????,??? ???,????,???"	"Leadership,Sharp curling shot,Impressive Skill,Strong Header"	"Lãnh ??o,Sút xoáy,Tinh t?,?ánh ??u m?nh"	"???,????,????,????"	"???,??? ????,??? ???,??? ??"		
91041236	91041236	93	91	78	90	92	81	86	83	88	81	80	86	86	85	77	88	85	81	71	76	91	88	30	83	55	34	25	77	17	18	14	16	13	87	Excellent	R?t cao	??	Excellent	??	??????	Zlatan Ibrahimovic	Z. Ibrahimovic	badged y2091	xi		87	"st-87,cf-87"	5	Sweden	WORLD BEST	3.10.1981 (36)	192	95	4	5	2	1	"Perfect Striker,Goal Getter,Tanker,Acrobatic,Freekick Specialist,Cannon Shooter,Technician,Dominator of the air,Solver"	"Cây s?n bàn,X? th?,Chi?n binh,Ngh? s?,Chuyên gia ?á ph?t,??i pháo,V? công,Chuyên gia không chi?n,Sát th?"	"???????,????,?????,????,?????,????,????,?????,???"	"??? ???,???,??,?????,??? ??????,?? ??,????,??? ???,???"	"Impressive Skill,Prefer long shot (AI),Play maker (AI),Pass master"	"Tinh t?,Sút xa (AI),Ki?n t?o (AI),Chuyên gia chuy?n bóng"	"????,??? (AI),????? (AI),????"	"??? ???,??? ? ?? (AI),??? ??? (AI),?? ???"		
91045197	91045197	81	82	81	88	74	87	68	82	86	82	82	86	79	73	88	82	84	90	94	78	90	73	83	88	77	70	85	43	17	14	11	15	13	88	Excellent	R?t cao	??	Excellent	??	??????	Xabi Alonso	Xabi Alonso	badged y2091	xi		86	cm-86	5	Spain	WORLD BEST	25.11.1981 (36)	183	75	4	5	1	2	"Perfect Striker,Perfect Midfielder,Goal Getter,Tanker,Acrobatic,Vacuum Cleaner,Freekick Specialist,Delivery cross,Cannon Shooter,Maestro,Dominator of the air,Fast runner,Solver"	"Cây s?n bàn,Nh?c tr??ng,X? th?,Chi?n binh,Ngh? s?,Máy quét,Chuyên gia ?á ph?t,T?t bóng,??i pháo,B?c th?y,Chuyên gia không chi?n,Tia ch?p,Sát th?"	"???????,???????,????,?????,????,???,?????,????,????,????,?????,??,???"	"??? ???,??? ????,???,??,?????,?? ???,??? ??????,?? ???,?? ??,?????,??? ???,????,???"	"Leadership,Prefer long pass (AI),Prefer long shot (AI),Play maker (AI),Pass master"	"Lãnh ??o,Chuy?n dài (AI),Sút xa (AI),Ki?n t?o (AI),Chuyên gia chuy?n bóng"	"???,???? (AI),??? (AI),????? (AI),????"	"???,? ?? ?? (AI),??? ? ?? (AI),??? ??? (AI),?? ???"		
91049369	91049369	91	85	78	81	88	69	72	82	92	91	90	87	95	79	86	79	78	83	60	73	88	87	40	82	24	37	29	68	12	11	11	10	11	85	Good	Cao	?	Good	?	??	Fernando Torres	Fernando Torres	badged y2091	xi		87	"st-87,cf-88,rf-88"	5	Spain	WORLD BEST	20.3.1984 (33)	183	78	4	5	2	2	"Perfect Striker,Goal Getter,Acrobatic,Cannon Shooter,Technician,Dominator of the air,Fast runner,Solver"	"Cây s?n bàn,X? th?,Ngh? s?,??i pháo,V? công,Chuyên gia không chi?n,Tia ch?p,Sát th?"	"???????,????,????,????,????,?????,??,???"	"??? ???,???,?????,?? ??,????,??? ???,????,???"	"Sharp curling shot,Celebrity"	"Sút xoáy,Ngôi sao ???c yêu thích"	"????,????"	"??? ????,???"		
91052091	91052091	58	75	78	59	57	55	60	78	80	88	87	82	86	86	91	74	84	81	81	86	82	82	85	79	87	90	87	83	18	18	17	13	11	87	Good	Cao	?	Good	?	??	Patrice Evra	P. Evra	badged y2091	xi		86	"rm-81,rwb-86,rb-86"	5	France	WORLD BEST	15.5.1981 (36)	175	76	5	3	3	3	"Perfect Defender,Acrobatic,Vacuum Cleaner,Wall of Wail,Delivery cross,Two hearts,Technician,Fast runner"	"T?ng ?á,Ngh? s?,Máy quét,B?c t??ng thép,T?t bóng,Ng??i không ph?i,V? công,Tia ch?p"	"??????,????,???,????,????,???,????,??"	"??? ???,?????,?? ???,??? ?,?? ???,??? ??,????,????"	"Long Throw In,Prefer early cross (AI)"	"Ném biên xa,T?t bóng s?m (AI)"	"?????,???? (AI)"	"??? ???,???? (AI)"		
91054050	91054050	90	92	85	91	91	86	83	73	83	88	87	83	86	74	89	88	89	83	75	79	90	89	47	81	49	35	34	96	15	12	10	16	15	89	Excellent	R?t cao	??	Excellent	??	??????	Wayne Rooney	W. Rooney	badged y2091	xi		86	"st-86,cf-86,rf-86"	5	England	WORLD BEST	24.10.1985 (32)	176	78	4	5	3	3	"Perfect Striker,Goal Getter,Tanker,Acrobatic,Freekick Specialist,Delivery cross,Cannon Shooter,Two hearts,Technician,Fast runner"	"Cây s?n bàn,X? th?,Chi?n binh,Ngh? s?,Chuyên gia ?á ph?t,T?t bóng,??i pháo,Ng??i không ph?i,V? công,Tia ch?p"	"???????,????,?????,????,?????,????,????,???,????,??"	"??? ???,???,??,?????,??? ??????,?? ???,?? ??,??? ??,????,????"	"Short tempered,Prefer long shot (AI),Play maker (AI)"	"Tranh cãi tr?ng tài,Sút xa (AI),Ki?n t?o (AI)"	"?????,??? (AI),????? (AI)"	"???,??? ? ?? (AI),??? ??? (AI)"		
91113422	91113422	90	86	80	85	88	84	90	82	85	86	88	90	93	74	85	73	81	84	60	77	88	88	35	86	33	42	27	70	12	13	13	13	15	92	Excellent	R?t cao	??	Excellent	??	??????	David Villa	David Villa	badged y2091	xi		86	"st-86,rw-86,cf-87,cam-86"	5	Spain	WORLD BEST	3.12.1981 (36)	175	69	5	5	3	2	"Perfect Striker,Goal Getter,Acrobatic,Freekick Specialist,Cannon Shooter,Technician,Fast runner"	"Cây s?n bàn,X? th?,Ngh? s?,Chuyên gia ?á ph?t,??i pháo,V? công,Tia ch?p"	"???????,????,????,?????,????,????,??"	"??? ???,???,?????,??? ??????,?? ??,????,????"	Sharp curling shot	Sút xoáy	????	??? ????		
91121939	91121939	47	59	76	67	67	63	63	67	89	84	86	87	89	72	88	69	71	90	83	87	83	85	92	87	85	91	82	72	16	17	13	12	18	85	Excellent	R?t cao	??	Excellent	??	??????	Philipp Lahm	P. Lahm	badged y2091	xi		87	"rwb-87,rb-86"	5	Germany	WORLD BEST	11.11.1983 (34)	170	64	4	5	2	3	"Perfect Defender,Acrobatic,Vacuum Cleaner,Wall of Wail,Delivery cross,Technician,Fast runner"	"T?ng ?á,Ngh? s?,Máy quét,B?c t??ng thép,T?t bóng,V? công,Tia ch?p"	"??????,????,???,????,????,????,??"	"??? ???,?????,?? ???,??? ?,?? ???,????,????"	"Steel Body,Prefer sliding tackle (AI),Celebrity"	"C?ng c?i,Xo?c bóng (AI),Ngôi sao ???c yêu thích"	"????,???? (AI),????"	"???,???? ?? ?? (AI),???"		
91135455	91135455	76	83	83	86	79	78	72	78	79	88	87	79	85	79	89	88	87	86	80	89	83	89	87	85	89	86	86	89	15	16	14	18	14	84	Good	Cao	?	Good	?	??	Maicon	Maicon	badged y2091	xi		86	"rwb-86,rb-86"	5	Brazil	WORLD BEST	26.7.1981 (36)	184	77	3	5	3	2	"Perfect Defender,Tanker,Acrobatic,Vacuum Cleaner,Wall of Wail,Freekick Specialist,Delivery cross,Cannon Shooter,Technician,Fast runner"	"T?ng ?á,Chi?n binh,Ngh? s?,Máy quét,B?c t??ng thép,Chuyên gia ?á ph?t,T?t bóng,??i pháo,V? công,Tia ch?p"	"??????,?????,????,???,????,?????,????,????,????,??"	"??? ???,??,?????,?? ???,??? ?,??? ??????,?? ???,?? ??,????,????"	"Long Throw In,Diver,Short tempered,Prefer long shot (AI)"	"Ném biên xa,?n v?,Tranh cãi tr?ng tài,Sút xa (AI)"	"?????,??,?????,??? (AI)"	"??? ???,???,???,??? ? ?? (AI)"		
91138449	91138449	90	86	87	93	91	86	83	65	90	90	92	86	87	70	83	77	77	91	87	85	91	92	44	87	35	30	28	48	8	9	11	9	12	91	Excellent	R?t cao	??	Excellent	??	??????	Kaka	Kaka	badged y2091	xi		89	"rf-89,cam-89,rm-89"	5	Brazil	WORLD BEST	22.4.1982 (35)	183	73	4	5	3	2	"Perfect Striker,Goal Getter,Acrobatic,Freekick Specialist,Delivery cross,Cannon Shooter,Technician,Fast runner"	"Cây s?n bàn,X? th?,Ngh? s?,Chuyên gia ?á ph?t,T?t bóng,??i pháo,V? công,Tia ch?p"	"???????,????,????,?????,????,????,????,??"	"??? ???,???,?????,??? ??????,?? ???,?? ??,????,????"	Sharp curling shot	Sút xoáy	????	??? ????		
91139869	91139869	77	88	85	91	81	89	75	66	84	78	80	84	84	57	84	73	80	90	94	88	89	86	68	92	60	58	37	75	13	10	17	16	15	83	Good	Cao	?	Good	?	??	Wesley Sneijder	W. Sneijder	badged y2091	xi		87	"cam-87,rm-86,cm-86"	5	Holland	WORLD BEST	9.6.1984 (33)	170	67	5	5	2	2	"Perfect Midfielder,Acrobatic,Freekick Specialist,Delivery cross,Cannon Shooter,Maestro,Technician"	"Nh?c tr??ng,Ngh? s?,Chuyên gia ?á ph?t,T?t bóng,??i pháo,B?c th?y,V? công"	"???????,????,?????,????,????,????,????"	"??? ????,?????,??? ??????,?? ???,?? ??,?????,????"	"Prefer long pass (AI),Prefer long shot (AI),Play maker (AI)"	"Chuy?n dài (AI),Sút xa (AI),Ki?n t?o (AI)"	"???? (AI),??? (AI),????? (AI)"	"? ?? ?? (AI),??? ? ?? (AI),??? ??? (AI)"		
91140601	91140601	49	63	51	39	44	52	63	95	86	75	72	58	82	92	83	87	84	75	62	47	70	53	85	63	94	87	88	89	15	17	20	12	22	89	Excellent	R?t cao	??	Excellent	??	??????	Nemanja Vidic	N. Vidic	badged y2091	xi		86	"cdm-80,cb-86"	5	Serbia	WORLD BEST	21.10.1981 (36)	189	84	3	5	1	3	"Perfect Defender,Tanker,Vacuum Cleaner,Wall of Wail,Dominator of the air"	"T?ng ?á,Chi?n binh,Máy quét,B?c t??ng thép,Chuyên gia không chi?n"	"??????,?????,???,????,?????"	"??? ???,??,?? ???,??? ?,??? ???"	Strong Header	?ánh ??u m?nh	????	??? ??		
91146530	91146530	66	90	79	88	71	81	71	77	84	89	89	85	91	75	90	81	73	83	84	90	86	88	86	80	88	88	90	88	16	17	13	18	14	90	Good	Cao	?	Good	?	??	Dani Alves	Dani Alves	badged y2091	xi		88	"rm-85,rwb-88,rb-87"	5	Brazil	WORLD BEST	6.5.1983 (34)	171	64	3	5	3	1	"Perfect Defender,Tanker,Acrobatic,Vacuum Cleaner,Wall of Wail,Freekick Specialist,Delivery cross,Cannon Shooter,Technician,Fast runner"	"T?ng ?á,Chi?n binh,Ngh? s?,Máy quét,B?c t??ng thép,Chuyên gia ?á ph?t,T?t bóng,??i pháo,V? công,Tia ch?p"	"??????,?????,????,???,????,?????,????,????,????,??"	"??? ???,??,?????,?? ???,??? ?,??? ??????,?? ???,?? ??,????,????"	"Diver,Short tempered"	"?n v?,Tranh cãi tr?ng tài"	"??,?????"	"???,???"		
91152729	91152729	59	54	50	48	60	52	70	88	58	80	77	65	85	82	81	87	81	87	84	83	84	72	88	77	90	88	89	81	15	16	18	13	19	85	Good	Cao	?	Good	?	??	Pique	Pique	badged y2091	xi		87	"cdm-85,rb-85,cb-87"	5	Spain	WORLD BEST	2.2.1987 (31)	193	81	3	5	3	2	"Perfect Defender,Tanker,Vacuum Cleaner,Wall of Wail,Dominator of the air"	"T?ng ?á,Chi?n binh,Máy quét,B?c t??ng thép,Chuyên gia không chi?n"	"??????,?????,???,????,?????"	"??? ???,??,?? ???,??? ?,??? ???"	"Prefer long pass (AI),Strong Header"	"Chuy?n dài (AI),?ánh ??u m?nh"	"???? (AI),????"	"? ?? ?? (AI),??? ??"		
91155862	91155862	65	73	74	54	50	62	52	91	85	87	86	81	90	90	91	87	90	83	74	82	87	76	90	76	93	93	90	87	16	13	14	16	13	93	Good	Cao	?	Good	?	??	Sergio Ramos	Sergio Ramos	badged y2091	xi		89	"rwb-87,rb-89,cb-89"	5	Spain	WORLD BEST	30.3.1986 (31)	183	73	3	5	3	2	"Perfect Defender,Tanker,Acrobatic,Vacuum Cleaner,Wall of Wail,Delivery cross,Dominator of the air,Fast runner"	"T?ng ?á,Chi?n binh,Ngh? s?,Máy quét,B?c t??ng thép,T?t bóng,Chuyên gia không chi?n,Tia ch?p"	"??????,?????,????,???,????,????,?????,??"	"??? ???,??,?????,?? ???,??? ?,?? ???,??? ???,????"	"Steel Body,Leadership,Impressive Skill,Strong Header"	"C?ng c?i,Lãnh ??o,Tinh t?,?ánh ??u m?nh"	"????,???,????,????"	"???,???,??? ???,??? ??"		
91156616	91156616	80	74	87	80	80	81	78	54	86	86	90	90	84	59	83	73	91	85	77	89	91	90	42	86	30	31	23	68	18	11	13	14	12	89	Average	TB	?	Normal	??	????????	Franck Ribery	F. Ribery	badged y2091	xi		86	"cam-86,rm-86"	5	France	WORLD BEST	7.4.1983 (34)	170	72	4	5	3	2	"Perfect Striker,Goal Getter,Acrobatic,Freekick Specialist,Delivery cross,Technician,Fast runner"	"Cây s?n bàn,X? th?,Ngh? s?,Chuyên gia ?á ph?t,T?t bóng,V? công,Tia ch?p"	"???????,????,????,?????,????,????,??"	"??? ???,???,?????,??? ??????,?? ???,????,????"	Impressive Skill	Tinh t?	????	??? ???		
91158023	91158023	95	80	83	85	88	89	76	68	93	89	92	92	95	72	87	79	93	89	79	83	95	96	27	89	27	30	24	52	10	14	17	11	16	97	Good	Cao	?	Good	?	??	Lionel Messi	L. Messi	badged y2091	xi		91	cf-91	5	Argentina	WORLD BEST	24.6.1987 (30)	169	67	5	3	2	1	"Perfect Striker,Goal Getter,Acrobatic,Freekick Specialist,Delivery cross,Cannon Shooter,Technician,Fast runner,Solver"	"Cây s?n bàn,X? th?,Ngh? s?,Chuyên gia ?á ph?t,T?t bóng,??i pháo,V? công,Tia ch?p,Sát th?"	"???????,????,????,?????,????,????,????,??,???"	"??? ???,???,?????,??? ??????,?? ???,?? ??,????,????,???"	"Steel Body,Sharp curling shot,Impressive Skill"	"C?ng c?i,Sút xoáy,Tinh t?"	"????,????,????"	"???,??? ????,??? ???"		
91164240	91164240	51	79	62	74	68	75	75	87	63	83	81	74	84	91	83	86	73	82	83	64	80	72	92	75	92	87	91	79	14	17	11	15	14	89	Excellent	R?t cao	??	Excellent	??	??????	Thiago Silva	Thiago Silva	badged y2091	xi		87	cb-87	5	Brazil	WORLD BEST	22.9.1984 (33)	183	79	3	5	3	3	"Perfect Defender,Tanker,Vacuum Cleaner,Wall of Wail,Two hearts,Dominator of the air,Fast runner"	"T?ng ?á,Chi?n binh,Máy quét,B?c t??ng thép,Ng??i không ph?i,Chuyên gia không chi?n,Tia ch?p"	"??????,?????,???,????,???,?????,??"	"??? ???,??,?? ???,??? ?,??? ??,??? ???,????"	"Leadership,Prefer long pass (AI),Prefer long shot (AI),Strong Header"	"Lãnh ??o,Chuy?n dài (AI),Sút xa (AI),?ánh ??u m?nh"	"???,???? (AI),??? (AI),????"	"???,? ?? ?? (AI),??? ? ?? (AI),??? ??"		
91167397	91167397	89	84	83	86	93	73	88	91	95	81	82	87	92	92	78	83	73	72	58	58	88	77	44	69	49	29	27	65	14	17	11	10	13	92	Good	Cao	?	Good	?	??	Falcao	Falcao	badged y2091	xi		86	st-86	5	Colombia	WORLD BEST	10.2.1986 (32)	176	75	4	5	3	2	"Perfect Striker,Goal Getter,Tanker,Acrobatic,Cannon Shooter,Dominator of the air"	"Cây s?n bàn,X? th?,Chi?n binh,Ngh? s?,??i pháo,Chuyên gia không chi?n"	"???????,????,?????,????,????,?????"	"??? ???,???,??,?????,?? ??,??? ???"	"Sharp curling shot,Strong Header"	"Sút xoáy,?ánh ??u m?nh"	"????,????"	"??? ????,??? ??"		
91167495	91167495	22	47	24	23	20	20	42	28	27	57	58	55	93	78	55	79	43	47	48	24	45	32	28	40	21	19	20	42	89	87	90	87	86	90	Excellent	R?t cao	??	Excellent	??	??????	Manuel Neuer	M. Neuer	badged y2091	xi		88	gk-88	1	Germany	WORLD BEST	27.3.1986 (31)	193	92	4	5	2	2	Tanker	Chi?n binh	?????	??	"GK Assist in Offense (AI),GK Long Throw,GK Proficient 1:1 Defense"	"Lao lên tham gia ph?t góc (AI),Th? môn ném xa,TM ??i m?t"	"GK ???? (AI),GK ?????,GK1?1"	"GK ?? ?? (AI),GK ?? ???,GK ??? 1:1 ??"		
91176676	91176676	70	86	82	69	57	71	60	75	77	89	87	85	88	83	89	78	83	83	80	89	88	88	87	70	90	88	88	84	17	11	11	14	11	82	Average	TB	?	Normal	??	????????	Marcelo	Marcelo	badged y2091	xi		87	rb-87	5	Brazil	WORLD BEST	12.5.1988 (29)	174	75	5	3	3	2	"Perfect Defender,Acrobatic,Vacuum Cleaner,Wall of Wail,Delivery cross,Technician,Fast runner"	"T?ng ?á,Ngh? s?,Máy quét,B?c t??ng thép,T?t bóng,V? công,Tia ch?p"	"??????,????,???,????,????,????,??"	"??? ???,?????,?? ???,??? ?,?? ???,????,????"	"Steel Body,Impressive Skill"	"C?ng c?i,Tinh t?"	"????,????"	"???,??? ???"		
91177003	91177003	81	85	80	79	80	89	79	68	84	85	84	88	84	73	86	82	89	90	90	82	90	94	75	88	78	67	67	75	15	15	17	15	8	90	Good	Cao	?	Good	?	??	Luka Modric	L. Modric	badged y2091	xi		86	"cm-86,cdm-81"	5	Croatia	WORLD BEST	9.9.1985 (32)	174	65	5	5	3	2	"Perfect Striker,Perfect Midfielder,Goal Getter,Tanker,Acrobatic,Freekick Specialist,Delivery cross,Cannon Shooter,Maestro,Technician,Fast runner"	"Cây s?n bàn,Nh?c tr??ng,X? th?,Chi?n binh,Ngh? s?,Chuyên gia ?á ph?t,T?t bóng,??i pháo,B?c th?y,V? công,Tia ch?p"	"???????,???????,????,?????,????,?????,????,????,????,????,??"	"??? ???,??? ????,???,??,?????,??? ??????,?? ???,?? ??,?????,????,????"	"Prefer long pass (AI),Play maker (AI),Pass master"	"Chuy?n dài (AI),Ki?n t?o (AI),Chuyên gia chuy?n bóng"	"???? (AI),????? (AI),????"	"? ?? ?? (AI),??? ??? (AI),?? ???"		
91179944	91179944	62	74	71	74	72	77	73	85	77	83	81	82	82	82	80	84	81	79	71	70	80	77	85	73	88	85	85	91	13	18	16	18	14	84	Average	TB	?	Normal	??	????????	David Luiz	David Luiz	badged y2091	xi		84	"cdm-81,cb-84"	5	Brazil	WORLD BEST	22.4.1987 (30)	189	84	3	5	3	2	"Perfect Defender,Tanker,Acrobatic,Vacuum Cleaner,Wall of Wail,Dominator of the air,Fast runner"	"T?ng ?á,Chi?n binh,Ngh? s?,Máy quét,B?c t??ng thép,Chuyên gia không chi?n,Tia ch?p"	"??????,?????,????,???,????,?????,??"	"??? ???,??,?????,?? ???,??? ?,??? ???,????"	"Impressive Skill,Prefer long pass (AI)"	"Tinh t?,Chuy?n dài (AI)"	"????,???? (AI)"	"??? ???,? ?? ?? (AI)"		
91182521	91182521	77	87	90	89	80	89	73	63	81	79	75	84	89	58	86	83	89	92	90	88	91	86	76	89	74	66	53	71	13	15	16	18	14	86	Average	TB	?	Normal	??	????????	Toni Kroos	T. Kroos	badged y2091	xi		86	"cam-86,cm-87,cdm-80"	5	Germany	WORLD BEST	4.1.1990 (28)	182	78	5	5	2	2	"Perfect Midfielder,Tanker,Acrobatic,Freekick Specialist,Delivery cross,Cannon Shooter,Maestro,Technician"	"Nh?c tr??ng,Chi?n binh,Ngh? s?,Chuyên gia ?á ph?t,T?t bóng,??i pháo,B?c th?y,V? công"	"???????,?????,????,?????,????,????,????,????"	"??? ????,??,?????,??? ??????,?? ???,?? ??,?????,????"	"Prefer early cross (AI),Prefer long shot (AI),Play maker (AI),Pass master"	"T?t bóng s?m (AI),Sút xa (AI),Ki?n t?o (AI),Chuyên gia chuy?n bóng"	"???? (AI),??? (AI),????? (AI),????"	"???? (AI),??? ? ?? (AI),??? ??? (AI),?? ???"		
91183898	91183898	82	90	86	85	81	79	72	70	86	93	88	86	84	79	87	80	83	86	84	86	85	89	75	86	73	68	53	77	13	15	18	17	16	88	Average	TB	?	Normal	??	????????	Angel Di Maria	A. Di Maria	badged y2091	xi		85	"cam-85,rm-86,cm-84"	5	Argentina	WORLD BEST	14.2.1988 (29)	180	75	5	2	3	2	"Perfect Striker,Perfect Midfielder,Goal Getter,Acrobatic,Freekick Specialist,Delivery cross,Cannon Shooter,Maestro,Technician,Fast runner"	"Cây s?n bàn,Nh?c tr??ng,X? th?,Ngh? s?,Chuyên gia ?á ph?t,T?t bóng,??i pháo,B?c th?y,V? công,Tia ch?p"	"???????,???????,????,????,?????,????,????,????,????,??"	"??? ???,??? ????,???,?????,??? ??????,?? ???,?? ??,?????,????,????"	"Prefer main feet,Prefer sliding tackle (AI)"	"Tránh sai chân thu?n,Xo?c bóng (AI)"	"?????,???? (AI)"	"?? ??,???? ?? ?? (AI)"		
91190871	91190871	88	87	83	84	87	87	82	75	86	88	91	93	88	72	85	80	94	80	80	80	94	93	39	84	30	41	36	71	14	14	17	14	17	83	Average	TB	?	Normal	??	????????	Neymar	Neymar	badged y2091	xi		87	rw-87	5	Brazil	WORLD BEST	5.2.1992 (26)	174	68	5	5	3	2	"Perfect Striker,Goal Getter,Acrobatic,Freekick Specialist,Delivery cross,Cannon Shooter,Technician,Fast runner"	"Cây s?n bàn,X? th?,Ngh? s?,Chuyên gia ?á ph?t,T?t bóng,??i pháo,V? công,Tia ch?p"	"???????,????,????,?????,????,????,????,??"	"??? ???,???,?????,??? ??????,?? ???,?? ??,????,????"	"Diver,Steel Body,Sharp curling shot,Impressive Skill"	"?n v?,C?ng c?i,Sút xoáy,Tinh t?"	"??,????,????,????"	"???,???,??? ????,??? ???"		
91195864	91195864	77	93	81	91	81	72	72	87	84	86	85	85	88	87	91	90	80	87	86	76	91	91	78	84	86	90	79	89	10	11	16	11	17	82	Average	TB	?	Normal	??	????????	Paul Pogba	P. Pogba	badged y2091	xi		86	cm-86	5	France	WORLD BEST	15.3.1993 (24)	188	80	4	5	3	2	"Perfect Midfielder,Perfect Defender,Tanker,Acrobatic,Vacuum Cleaner,Wall of Wail,Cannon Shooter,Maestro,Technician,Dominator of the air,Fast runner"	"Nh?c tr??ng,T?ng ?á,Chi?n binh,Ngh? s?,Máy quét,B?c t??ng thép,??i pháo,B?c th?y,V? công,Chuyên gia không chi?n,Tia ch?p"	"???????,??????,?????,????,???,????,????,????,????,?????,??"	"??? ????,??? ???,??,?????,?? ???,??? ?,?? ??,?????,????,??? ???,????"	"Prefer sliding tackle (AI),Impressive Skill,Prefer long shot (AI),Pass master"	"Xo?c bóng (AI),Tinh t?,Sút xa (AI),Chuyên gia chuy?n bóng"	"???? (AI),????,??? (AI),????"	"???? ?? ?? (AI),??? ???,??? ? ?? (AI),?? ???"		
